"Path","SHA256"
"D:\Tool Revit\src\net48\app.config","3D27AEA3B80EA4043314CD062D6AC62B1BDFDDA5ABBE40EE68FD1679A1CCDA80"
"D:\Tool Revit\src\net48\BIN.csproj","36838CAD9AA60B38D8B1CA8A6B6686C01C7808C62340F1E992A3C3AFC48D07F4"
"D:\Tool Revit\src\net48\BIN.Properties.Resources.resx","0540C258023EF914386E1294FB84BA6B7132667A01FB5395C77D3E1C8E5C3BDD"
"D:\Tool Revit\src\net48\Program.cs","B1B4749986949A07B3740214BBE66702F3BB2922ECE2F440D52C1CB307EEBDB2"
"D:\Tool Revit\src\net48\02.-20create-202-20elbows-2045\inputlengthwindow.baml","125D3F02883A5773A2E6FC95B6010089E05B4C5F0B1464BFFCCC53C161E1EF41"
"D:\Tool Revit\src\net48\05.-20replace-20pipe-20with-20nipple\selectfamilywindow.baml","E441ADDB8E4307E42851B6A6630BD6B87C3687E85152D19019921ECF7ACE5DDF"
"D:\Tool Revit\src\net48\06.-20sprinkler-20shortener-20vertical-20pipe\promptwindow.baml","459448685ED0FC0A9A31B68A60A30D84BE1B13A42DFEB534E02809F3D4C0D99D"
"D:\Tool Revit\src\net48\07.-20transfer-20to-20reducing-20elbow\transfertoreducingelbowwindow.baml","C129008EC2DCBEB7ABB921E3E251726524A32A0F31526A3152408E5F5A473900"
"D:\Tool Revit\src\net48\08.-20sprinkler-20flipper-20up-20to-20down\sprinklerselectionwindow.baml","3C44188522B6F9BF2BAFA24E0038AAED5B7F7F2F5C08877ABE32430E487E44FD"
"D:\Tool Revit\src\net48\10.-20place-20family\placefamilywindow.baml","CB7D7FBAEF5D933504ADF8AB6FD809D5BD7861FC11C861458D49FD97E57C4366"
"D:\Tool Revit\src\net48\11.-20split-20duct\splitductwindow.baml","FF84C516AB2B78B5543349B1886D692B35CD13DA2A6EE27787D3A118EA0E4CCC"
"D:\Tool Revit\src\net48\12.-20sheet-20from-20excel\sheetfromexcelview.baml","92B0E2E9ABC7E09B925C26CC49334BBCEACA7B4E25E1CA7AD89A2414AB881369"
"D:\Tool Revit\src\net48\13.-20export-20family\exportfamilywindow.baml","3F9CC98777066BBF911CE960A579009E97539915492E19FF89C9973F34586FDC"
"D:\Tool Revit\src\net48\13.-20export-20family\processbarview.baml","E6E68B5068BDC91BE6D8F89583B3EBE1CD1D72975CF475A9766C820010F9C66D"
"D:\Tool Revit\src\net48\14.-20turn-20drainage-20pipe\turndrainagepipewindow.baml","29563B11560EDE40BC42B8050F4B322F58C85399CBEC9CEB26F452ED8567EE33"
"D:\Tool Revit\src\net48\15.-20draw-20drainage-20pipe\drainagepipetypepickerwindow.baml","363029381FF1EEDD13CE8EA04D542D49E4AE26FC91F14644F08356DEB200DC5F"
"D:\Tool Revit\src\net48\158.-20check-20sprinkler\checksprinklerwindow.baml","89BED6886345FB645AD8C6B1F9FEFDC9F24E42778FD3CC242E59DBD47B0FC3E1"
"D:\Tool Revit\src\net48\16.-20place-20multi-20pipe-20support\multipipesupportwindow.baml","5DA9E0AFFAED40D85FFF2C7CF24848DF2C7E0685B9481244F539EE219CBEE204"
"D:\Tool Revit\src\net48\17.-20rotate-20family-20instance\rotatefamilyinstancewindow.baml","FF208A605FD648A9D937109146DE25641D5E9F943C91D3949AB82F1C0D586EEA"
"D:\Tool Revit\src\net48\18.-20remove-20pipe-20coupling\removepipecouplingwindow.baml","471F00DCDC707682BC46B59E72FB31699AD0BBEE86ED0CFD7827045E90B822E7"
"D:\Tool Revit\src\net48\19.-20connect-20tee-20and-20reducer-20--20groove\connectteeandreducerwindow.baml","1217B8627F3035CBE5C669519B13E2C7AB03FB9AB0F5E90172F00EF3BEBA0D24"
"D:\Tool Revit\src\net48\20.-20connect-20sprinkler-20to-20pipe\connectsprinklertopipewindow.baml","1B501B3F72822CD8C3FD11C1F46012FDB0E63A76D7A9CBC47F1CCD0326A50ABD"
"D:\Tool Revit\src\net48\21.-20copy-202d-20element-20to-20other-20document\copy2delementwindow.baml","5DE62F8272103B93AEA735DFDBD748800E96BB5E88F8621B6830A46AB535F9A7"
"D:\Tool Revit\src\net48\22.-20copy-20view\copyviewwindow.baml","162EDD1ED13E8C8DA40E9403FF635F152A3DC3C38C874E551EA8CEEF498C477D"
"D:\Tool Revit\src\net48\23.-20change-20reference-20level\meplevelchangerview.baml","4C85C56F9B398C36B3C63F6F43BC0BCC2121A45CA1C48711BEB565002F31CC9E"
"D:\Tool Revit\src\net48\24.-20export-20schedule-20to-20excel\mainwindow.baml","FE5401DDB4BF81680C8866788A4B5E8DEF58469039DE3FA3420E285340B04151"
"D:\Tool Revit\src\net48\25.-20delete-202d-20element\delete2delementwindow.baml","757B06C0135EF4094F9D23E502506A74E66B82A3F0DBE97CA9405CF5C162B459"
"D:\Tool Revit\src\net48\26.-20toggle-20insulation\toggleinsulationwindow.baml","1FACBF9A17CC90E84EEF471EA3D8BB5BAA2FBAD260D1D88CB449173841870C72"
"D:\Tool Revit\src\net48\27.-20draw-20clean-20out\drawcleanoutwindow.baml","C6F29DF7CF812D61473F44B5F1E0E36D1360EEC8462159BF72404D630ABB9480"
"D:\Tool Revit\src\net48\28.-20place-20support\placesupportwindow.baml","234748141418E582A54937A66D3140788459E00E527B3CDBCD54F98A1232DA78"
"D:\Tool Revit\src\net48\29.-20turn-20mep\turnmepwindow.baml","10C1BCEE69A43CD32373E8E431D5AD948CE01BB088B99E929A020CFCE6641569"
"D:\Tool Revit\src\net48\30.-20mep-20offset\mepoffsetwindow.baml","EC0177EDB933D726A1D483B1FB2B0F57C540FF33CAE3B9314B6C93F4EA054EBC"
"D:\Tool Revit\src\net48\31.-20rename-20element\renameelementwindow.baml","4F36CA3CA2D834305AF71E15435F0795DA61C593D44BABA23CFF23417D9EE511"
"D:\Tool Revit\src\net48\32.-20copy-20sheet\copysheetwindow.baml","503B190AB76C1711B05079DE0101BD6EC960E1366B80DD9F5F0AB2F652ACE2D4"
"D:\Tool Revit\src\net48\34.-20manage-20grid-20level\managegridlevelwindow.baml","82BBD92EA9816F075260D843610C154A64854958091C0502F07E2F5AA0BA678C"
"D:\Tool Revit\src\net48\35.-20pipe-20insulation\pipeinsulationwindow.baml","2DB14546C199E821E7DCF0A6D7A5F6616199CFD1046C7B26BFF7688866B1C7E8"
"D:\Tool Revit\src\net48\36.-20select-20element\selectelementwindow.baml","EC68D0A33428B9A0669A77A24E15949586CA2F7EABF5962877D6B0E9572E3E21"
"D:\Tool Revit\src\net48\37.-20clash-20detective\clashdetectivewindow.baml","4B6845E1180B67C446A9DED4CBE45D17FE44123D31C8E3549A3513C1550991AC"
"D:\Tool Revit\src\net48\39.-20select-20by-20parameter\common\ui\progressbarview.baml","8A699334F4BD87FB1E781F394A08A4C83E1B1EC3E6A516D7F9342AE4AB1EF127"
"D:\Tool Revit\src\net48\39.-20select-20by-20parameter\view\selectbyparameterview.baml","F59E7616ACBFEA3B9B1BBB3AE12BAE0FC682FF20FCB8EAF61C034F37F3DEBE6E"
"D:\Tool Revit\src\net48\40.-20compare-20element\compareelementwindow.baml","073EEF6216A641773F245F02079265EE1B5FF9693D37EFC92432694E3741F63E"
"D:\Tool Revit\src\net48\42.-20toggle-20section-20head\togglesectionwindow.baml","6F01BE158D3A61E89DFB038251023BBE7CA30A40C66D481287736B337DA21ACD"
"D:\Tool Revit\src\net48\43.-20boq\boqwindow.baml","8E30147501AF20B4F6A2C932047262EFEC029DC010C2DF2BF6813B9F23E5F511"
"D:\Tool Revit\src\net48\57.-20check-20air-20terminal\checkairterminalwindow.baml","F327F3292AC9431F891AC064802062DD6B4E569AE28C7722059980F023B60A79"
"D:\Tool Revit\src\net48\58.-20flex-20duct-20avoid-20mep\avoidmepwindow.baml","DEF1EEFC5410D639DCA05A1C3C058043A6CEE06F16485EAB1077D0AE7D438ECA"
"D:\Tool Revit\src\net48\59.-20check-20pipe-20fitting\checkpipefittingwindow.baml","960771C28F0DFEA70D2DA91AFBE3F1B1DA2A7171EF638FE1CAB2B77E89529089"
"D:\Tool Revit\src\net48\60.-20copy-20filter\copyfilterwindow.baml","1C5E71758521DF9BB2172C65B7ABBADD10FDBC2C1A0241122C271EFEEBEDB0DE"
"D:\Tool Revit\src\net48\61.-20check-20connected-20pipe\checkconnectedpipewindow.baml","7DDFAAB5FDA515F267597576D47FA3AB8F223C0CE3A0FE4FBFF17595CCCB4ECF"
"D:\Tool Revit\src\net48\62.-20check-20undefined-20pipe\checkundefinedpipewindow.baml","67DB2C48B525585810DC36710D679D0D58C35D19BC03F4D3673305B02C7703BC"
"D:\Tool Revit\src\net48\65.-20align-20support\alignsupportwindow.baml","E004C1F157893ABC202BA334CF43942B1197C28C058A7DA3D15B503E4E52C362"
"D:\Tool Revit\src\net48\BIN\AlignPipeElevationCmd.cs","C5402E07A387BCF89EA65E404D7B961DB024A7B43F0215A28442EB1F5CFBEA99"
"D:\Tool Revit\src\net48\BIN\AlignSupportCmd.cs","CF6839C4D43A0F690AA037FD5FF54B6F814E375855AC6F6A91EDF5650FE3BBB5"
"D:\Tool Revit\src\net48\BIN\AlignSupportHandler.cs","49759502B4945C6A800239E7111C9DCFDFA841BEF7E6A6E46DBDD96E487056E4"
"D:\Tool Revit\src\net48\BIN\AlignSupportSelectionFilter.cs","33101579B4CFBCB46BE6724F0B18EB2D24550C51E6274E98CE89B36782ACC4EE"
"D:\Tool Revit\src\net48\BIN\AlignSupportWindow.cs","A87EB0E04C1AE860AD188C6A406DDC1A6939E22E249C375615911C4E40D5F053"
"D:\Tool Revit\src\net48\BIN\AvoidClashCmd.cs","42E894269D23236CCC5B55873A4D7D7043119C174677EACEB789F95B4F56CDDF"
"D:\Tool Revit\src\net48\BIN\AvoidClashWindow.cs","111F0EE75B50861009B79BE23B28E5520D85EE58CEF308FC856961EA39E2941E"
"D:\Tool Revit\src\net48\BIN\AvoidMepWindow.cs","6A1B8A504E32CECD6E2423EFB53E3C1BE0AF09DC3556317E72DEEA5255B5E224"
"D:\Tool Revit\src\net48\BIN\AvoidMep_FlexDuctFilter.cs","A109EE34E9BC09DEB83174A8DFBEB06D42D405B6CDD985E6C8AB7F88738EE909"
"D:\Tool Revit\src\net48\BIN\AvoidMep_ObstacleFilter.cs","F7022997A770700A004FCBEA5B4404D31309817517A51C891F626961BC0227D9"
"D:\Tool Revit\src\net48\BIN\AxisHelper.cs","88390F256F988D6FAD2308F442DD645709E9E9EA14EB9A6D97D41D4F19B3B772"
"D:\Tool Revit\src\net48\BIN\AxisSelectionFilter.cs","6F9842DCD4BAEF3A4585EE631AFDDF0CB1E8A3B563FFF9766DF571FE87072567"
"D:\Tool Revit\src\net48\BIN\BloomCmd.cs","F0AC4EAFEAF427527EC0043B134B6AF7B5953B21EC70CD2A66019F6296CDA439"
"D:\Tool Revit\src\net48\BIN\BOQCategoryItem.cs","6346EDEEA440895423ACBE153A7583063F2DAAA326C7DEA499C6BAF70FC82B21"
"D:\Tool Revit\src\net48\BIN\BOQCommand.cs","B3A657014DA915E95F01021542E9965132156B00DE2C6E6AE1BBFE0E4A504CFA"
"D:\Tool Revit\src\net48\BIN\BOQExporter.cs","419AAECFA3D77656CE40F34AA297082E29FB96ABBA4308B9CF840D2941E00D76"
"D:\Tool Revit\src\net48\BIN\BOQExportItem.cs","CD9E9FA0A7843C9D0911772B12745B34D276A64479733A1CF9B6860844029C4F"
"D:\Tool Revit\src\net48\BIN\BOQFilterItem.cs","5312335685D8659C63CB0A3FBE7348DD5EDF0EA7703981F0666881E28327E22B"
"D:\Tool Revit\src\net48\BIN\BOQFilterValue.cs","7D495E4CC3793368CAECAC9149431609BB2573D9E6A0BB6D430139263C984873"
"D:\Tool Revit\src\net48\BIN\BOQGasSizeItem.cs","EBDB6BB5EE3FE49E3E960E03C1E75CDBD214391B2E4F2FCB3308932EBDF81BC7"
"D:\Tool Revit\src\net48\BIN\BOQGroupItem.cs","C003B925B479B2D8A570388AFD52CD26DB7A7A3E09963CEAEDB19241639F58FF"
"D:\Tool Revit\src\net48\BIN\BOQSettings.cs","CE390775E746B26D9E194BE406716A572C82C6C323398F42BAB1843EA7C6FA8E"
"D:\Tool Revit\src\net48\BIN\BOQWindow.cs","2FD5C66BC8AD61AC991724CC3D87AB44D49564811F782EAD441F9A189ACDB7C9"
"D:\Tool Revit\src\net48\BIN\BranchAlignLiteCmd.cs","74749C53A557FE5E8D27EA85B7CDD39D18055BEF091F8A95403E0472B423DC2B"
"D:\Tool Revit\src\net48\BIN\CableTrayOffsetUltils.cs","DE6B8FCD0096339365018BEA9DE0302B57ED9B7E78E4FC48B6FB8C6915F5C6BF"
"D:\Tool Revit\src\net48\BIN\CategoryItem.cs","FF65034C04CF57A0F6DA3DB5C83FA93DD163117C44B58CEAC8BBD8A99CC03D6B"
"D:\Tool Revit\src\net48\BIN\CategorySummaryItem.cs","F7C944F740A1D3C60774BD46CEF4F6A8B82F9C04A922E706998324E737D1289C"
"D:\Tool Revit\src\net48\BIN\ChangeReferenceLevel.cs","31EA56F947667F16DDE7CB03BD1D20B25E47AF3EBE3422592F841783BFAD98DF"
"D:\Tool Revit\src\net48\BIN\ChangeTargetItem.cs","6FF0A6E812135EC4916C85BCF1254A772490610DBAD06497CE41EDFCCAB80FCC"
"D:\Tool Revit\src\net48\BIN\CheckAirTerminalCmd.cs","0659991793E1C9BB5817B48132E13C3A4A0B006A53FB26C9A6F61C15C3F7EA83"
"D:\Tool Revit\src\net48\BIN\CheckAirTerminalHandler.cs","603E1FA44A66A1BD6EE2E7A50D143DDF0E99F36C2648730E69B6B9C66F3AB59D"
"D:\Tool Revit\src\net48\BIN\CheckAirTerminalStorageUtil.cs","E5B7B19E04BB807E68C4738B926C602E110DA5329CD190660A54D34F19C13BAD"
"D:\Tool Revit\src\net48\BIN\CheckAirTerminalWindow.cs","95D1B115F9F70E995EFF8D5A015BA167D8FA45E0B0091B162B6BC9DFD376E8C9"
"D:\Tool Revit\src\net48\BIN\CheckConnectedPipeCmd.cs","41BD62FC54C6D7098971E1CD5D768CD772C51E8D44E10104B5D4B07F1E65904D"
"D:\Tool Revit\src\net48\BIN\CheckConnectedPipeHandler.cs","645EC6FAB8E90487F76B316747C96075F18BB2A89F5245600A8E132A18829C4F"
"D:\Tool Revit\src\net48\BIN\CheckConnectedPipeStorageUtil.cs","831CCCB30D518D352BB74022E09AB2FFB1B7D2B1384B64C3BAF1127F4160AC59"
"D:\Tool Revit\src\net48\BIN\CheckConnectedPipeWindow.cs","93F15A699BD32AB49E134BF09032DBF1A0E9D060DD8BB66747BE411BF347978E"
"D:\Tool Revit\src\net48\BIN\CheckPipeClashCmd.cs","A27F4FA24A23B556686F710F584A3097F97BBBD9CBDEE85CCDFC69837843C70F"
"D:\Tool Revit\src\net48\BIN\CheckPipeClashWindow.cs","6BA4F0A8457BE3590A7431C45BC10D10F900B4C8DB2A7998349E7A2B7ECC7014"
"D:\Tool Revit\src\net48\BIN\CheckPipeFittingCmd.cs","D4E8709C2124BAD97263C539CEF6AA0417A51A9A7065066945D83CCB0DC2CA49"
"D:\Tool Revit\src\net48\BIN\CheckPipeFittingHandler.cs","DF17EA95EF847AB1C1E11995D98CF8073E1354727ACC16EC492EF1BAF9963CCE"
"D:\Tool Revit\src\net48\BIN\CheckPipeFittingStorageUtil.cs","D57B23570E7FEF2B88AB653638016ABD8C651C6629255826995F98CD5E37F471"
"D:\Tool Revit\src\net48\BIN\CheckPipeFittingWindow.cs","51AEF221D5725C9ABD29A0EEF1C51065750524BBE6982B992AC3C25E6E8F8A20"
"D:\Tool Revit\src\net48\BIN\CheckSprinklerCmd.cs","FE387468F7E8544F9CC6772B29C624E54A6BBB8F3A52CAF46FD6C5631B146539"
"D:\Tool Revit\src\net48\BIN\CheckSprinklerHandler.cs","3420EF44EC0F8A57690A75DF7D7CF49B45D11B5AD281EBEC6325F38511D8424A"
"D:\Tool Revit\src\net48\BIN\CheckSprinklerStorageUtil.cs","119FD328D5FAF5F43C56C089F458B2FFB59EF7FBB61F37754DE606FF4936A3F3"
"D:\Tool Revit\src\net48\BIN\CheckSprinklerWindow.cs","1AC030D94E90DA98B2CFD9715B8C85B3632E8FC89B35E35151F5F9F2E2521617"
"D:\Tool Revit\src\net48\BIN\CheckUndefinedPipeCmd.cs","670F58AF54BC3A2E09FC2B803D3C3392DA860F723C6840B3C3F55AEA39CA1271"
"D:\Tool Revit\src\net48\BIN\CheckUndefinedPipeHandler.cs","581332C30B26D55105DCC1E750255FFA6042ED60B7EF08448AEC98088290789D"
"D:\Tool Revit\src\net48\BIN\CheckUndefinedPipeStorageUtil.cs","545D42F04AE503A34887307B8C4E526A1DF805FC2A6DA84F47A54B49C2EE58B5"
"D:\Tool Revit\src\net48\BIN\CheckUndefinedPipeWindow.cs","A75F0B3BEE29A6F6D52C0AAC1C1029DE6CC25E082578A815B9EF33E2A3BB69F2"
"D:\Tool Revit\src\net48\BIN\ClashActionHandler.cs","98125179C96F3B45CDC0E4BD8B91A8ED46EBBBA7F40BEBF814D1DAD048D1F56F"
"D:\Tool Revit\src\net48\BIN\ClashDetectiveCmd.cs","CCF5FFE177D5B390E3EAE44AD72F63E3BD89B2CF4EA77C608B0CD2D6E76E1E48"
"D:\Tool Revit\src\net48\BIN\ClashDetectiveWindow.cs","F6A561712A8201F6B95AA1F8A9B1C31C72FBB0C386A5917F119BBFFDF4B57346"
"D:\Tool Revit\src\net48\BIN\ClashGroupNode.cs","992F1EBD1388E7F444DAFDE5A60CF86E0B5F7C514A48DDCA1C25AA439743097A"
"D:\Tool Revit\src\net48\BIN\ClashResultData.cs","F639F9D1146035572E07980C8B2BD584290751A87B725A0BFA206B9380A6BB4F"
"D:\Tool Revit\src\net48\BIN\ClashStorageUtil.cs","39BD593F94B2DA836B94E1B7CA064632590AD1034CD8EF8D210D0A4B2DABB477"
"D:\Tool Revit\src\net48\BIN\CommandDiagnostics.cs","A016B33B1B12B1838A29A1AD79C3FD51D67D0B75AE4412A94934CFEFD854443B"
"D:\Tool Revit\src\net48\BIN\CompareElementCommand.cs","88E703589B11C3B94588C8CD2664DA6C05B55D0679ADBE8FDE254BEE93AF5F23"
"D:\Tool Revit\src\net48\BIN\CompareElementEventHandler.cs","B98051378DCF4A0795CDD9EDB6A7E628F6D33A624CF1D9136D6FC5FE2BDCA76D"
"D:\Tool Revit\src\net48\BIN\CompareElementWindow.cs","666F5B580EE7937C82AB8DC3E45FDC2E69B7CFCD32291E0FCD7ECA7F8E38E609"
"D:\Tool Revit\src\net48\BIN\Compat.cs","7E7410804FCE6451B53755A0831806F63E1AF9AFA22DC5B70F58C5C76D83AC59"
"D:\Tool Revit\src\net48\BIN\ConnectSprinklerFlexPipeCmd.cs","99FFA42C64E1C5EA5A0478F48223B60854BC14AA611B0C59FFF6DC9DEE47BF59"
"D:\Tool Revit\src\net48\BIN\ConnectSprinklerToPipe.cs","53E8A6CBCDF66B67F1DCC23A5D8083E990716490DFED379850C4218B16B800C2"
"D:\Tool Revit\src\net48\BIN\ConnectSprinklerToPipeWindow.cs","FBF276F453CFC0ED0557E80251D11F87A12FC0FDAA99DE7A4FC9AC181962A7C2"
"D:\Tool Revit\src\net48\BIN\ConnectTeeAndReducerWindow.cs","6D0D224CBA4ADC03C2B9CCCED8F6654C61FD3624CEB914C8D116DE98550E8307"
"D:\Tool Revit\src\net48\BIN\ConnectTeeAndReducer_Groove.cs","ADFD2AB79BB45A20A665D2916232EA73231BF8265AC7EDA9AA9DD41A44121553"
"D:\Tool Revit\src\net48\BIN\ConnectVentRiser.cs","6A06AC5165E7ACFEB838CF274A4F59E97183358B36966C87B76306303A2028AC"
"D:\Tool Revit\src\net48\BIN\CopyFilterCmd.cs","6901E8B906D3420EF2F6CDF277FAE02590A16557FC9DB49D47557BDBDBBFFA98"
"D:\Tool Revit\src\net48\BIN\CopyFilterHandler.cs","38159C0CBCA0EAAD0B3CFB5914A4DD72C56E0D0E9A97EA90FEEE15E200999DD0"
"D:\Tool Revit\src\net48\BIN\CopyFilterViewItem.cs","068E57680C894C30E3742048B7F2952A3C2D812585C5234177CA7BA38C0E7CCF"
"D:\Tool Revit\src\net48\BIN\CopyFilterWindow.cs","1D4FEA9EAC746CC2ECE3AB5108964CDFDDA790451A420224F62904AB1832BACD"
"D:\Tool Revit\src\net48\BIN\CopyFromLinkCmd.cs","2BB60B7C38004CBA951D2CAF2CCD7978D960D37058236662BEA04E09E5A47BF1"
"D:\Tool Revit\src\net48\BIN\CopySheet.cs","CE218E4C02ADD8E1550899E37DD9439E78FC3FA62BCD22D40B21829D75959290"
"D:\Tool Revit\src\net48\BIN\CopySheetItem.cs","500ED66865E19A36B673E7FE9FC07AE627A2C01CC6FDA4D87590E25E244D1F60"
"D:\Tool Revit\src\net48\BIN\CopySheetWindow.cs","412CD3014ADD3941CDB3B9F27EE6FBF2FAD9C54FFD0F05244074A2BB26D3AF98"
"D:\Tool Revit\src\net48\BIN\CopyView.cs","B3661DD9371EF457F1FED7BAF87DC728029E76FEE2421A9C9B1CB8F29F3DE0D6"
"D:\Tool Revit\src\net48\BIN\CopyViewWindow.cs","EC0662B10C1E0B9CFD4B26F5C3088654FD25B7C36CE3216EF1BB725A7F42AEE1"
"D:\Tool Revit\src\net48\BIN\Create2Elbows45.cs","B135E7DF705387FEAE4560A1132A4273433BEB554827D0EBD4C1F98589EBC69F"
"D:\Tool Revit\src\net48\BIN\CutMEPByLevel.cs","39291FD0CE54CACB719DA29C481BA671442FA0290BF88B5A09E3293E55E800AD"
"D:\Tool Revit\src\net48\BIN\Delete2DElement.cs","54B1D82FB73EE96DA22548FC098B6D9FCB131B96065C7479E387CF140875F5FD"
"D:\Tool Revit\src\net48\BIN\Delete2DElementWindow.cs","5EA14E721C0F506941436898B7124950837D3A529CB5E703B644EA797EA6976A"
"D:\Tool Revit\src\net48\BIN\DeleteOrphanInsuCmd.cs","665AB8D53E391CCD55F2A7C5C01648F51930AB34DBA9D4C73B6CC1889D4125D4"
"D:\Tool Revit\src\net48\BIN\DeleteSystemCmd.cs","2C0D0F41EA502882440C28B1729C2D5306BA70BC63D0BCB6177E93724669BB37"
"D:\Tool Revit\src\net48\BIN\DevCommandProxy.cs","895F67F31A0487BBEED5508C2EF04D834C2F5EA4F0FFC1962E02CD62A3A78F56"
"D:\Tool Revit\src\net48\BIN\DisconnectCmd.cs","8C2425A9D8C80682A5729A92E31F5DC5610617B7AA8BEA3B3E2412EB2D65D99D"
"D:\Tool Revit\src\net48\BIN\DrainagePipeOffsets.cs","1FA28037FCD051D512ED9286286D6CE4862BCBDA0F46EE978E28C99C67AA904C"
"D:\Tool Revit\src\net48\BIN\DrainagePipeTypePickerWindow.cs","F5A817A1AD547C7AA9F11C86593D6D0924F4318B2BD08511AA8DB7A9BD0C170D"
"D:\Tool Revit\src\net48\BIN\DrawCleanOut.cs","8A03DE753BC5A16CBA1D263F73AF11E788857B7F238B667DE5E95B66BEE5A21D"
"D:\Tool Revit\src\net48\BIN\DrawCleanOutWindow.cs","ECF90DF4B5F937C11641F619F4ADC671860753260CCF82CA9CD4DFE3032C39F9"
"D:\Tool Revit\src\net48\BIN\DrawDrainagePipeType1.cs","3195B61CF9A93FAE3CC1E2F3A4A8572B2E26B35162351DCB5692072550520D41"
"D:\Tool Revit\src\net48\BIN\DrawDrainagePipeType2.cs","2D00BF7FFA8E08E8BC70AD4969A06EB8F6AB006F392CFD69C53F69CCBA7F1904"
"D:\Tool Revit\src\net48\BIN\DrawDrainagePipeType3.cs","C216F37F7045953F95A8B0307A01EBA9F5D631E9BB8C3F1061D824E297269837"
"D:\Tool Revit\src\net48\BIN\DrawDrainagePipeType4.cs","13894E516CBDC6E96CFA12BC37210FE2710B6F2BE57EA8ACF120B514CC1588F3"
"D:\Tool Revit\src\net48\BIN\DrawDrainagePipeType5.cs","42F7F6742F294C4099350F5674EE6DE7B05CFB89543B1BEB4B3132900E83300D"
"D:\Tool Revit\src\net48\BIN\DrawDrainagePipeType6.cs","1E60BE4946B438B31BD7A6398B1E6A6D2B441E942E76E0226110EFD45544E9C8"
"D:\Tool Revit\src\net48\BIN\DrawDrainagePipe_AllTypes.cs","8D1C3F9E815091D2015B5AFC4F7E9E7F9E8BD9EA7F7ADF8FB9120A4B8F844223"
"D:\Tool Revit\src\net48\BIN\DrawMultiPipe.cs","C3342AF978105F5E54E8A9CBFB5AA592ECBFF4B1936E54BBA26E99B9E75507C3"
"D:\Tool Revit\src\net48\BIN\DuctOffsetUltils.cs","72003C1CCEAA87A470808FD8C95EFA6D29377DB176D9294EFD0D4BAE2939BD51"
"D:\Tool Revit\src\net48\BIN\DuctThicknessRule.cs","6FC617880C6A20651D4D9CBB8C56C1E725A962256B74E56AF3454BA4847B788B"
"D:\Tool Revit\src\net48\BIN\ElbowDirection.cs","C316D1E5A7B92B42315253C28E39BE89E15BB02B60159A5B4B8191E3FE1F30E9"
"D:\Tool Revit\src\net48\BIN\ElbowDown45Cmd.cs","C638F78639AAE6457BFD4FA4D99F2787363A0E554AF2196CC6DFAA298A23CB92"
"D:\Tool Revit\src\net48\BIN\ElbowDownCmd.cs","8B6170D4852EB1D7DA25CC17B0C698002C7B8F86E5286FDC9DD522F0B058C883"
"D:\Tool Revit\src\net48\BIN\ElbowHelper.cs","75E66C20ADD48B8CA6241C6C9D1FD0DAE94DAB6D6A6C59F35CCA860D66298040"
"D:\Tool Revit\src\net48\BIN\ElbowLeft45Cmd.cs","4DC3B13EB7E73E1923EDA80A34FD7DF16809BB48E233B94ABA55FEDBE4DC4302"
"D:\Tool Revit\src\net48\BIN\ElbowLeftCmd.cs","7EEEF2F3D510E640E8B9AFB6807848437C236901A027C02DD19DED1B37967540"
"D:\Tool Revit\src\net48\BIN\ElbowRight45Cmd.cs","45E75D620DE59958AAB5C7CB0D077B72B6E56D843701475ED89830B9877A9AC8"
"D:\Tool Revit\src\net48\BIN\ElbowRightCmd.cs","CFB82D3407C594B784AF95C43D98E7538306D9E5F6D3A91CFF150816652703DE"
"D:\Tool Revit\src\net48\BIN\ElbowUp45Cmd.cs","3EE7F2A93EEF791625A321F9F442293B46656B214AA95A64E2590FD77A387602"
"D:\Tool Revit\src\net48\BIN\ElbowUpCmd.cs","10EC7727CBACCB9F62D5AEA774930C5E3005F6A0882329B202AE1237EA55274A"
"D:\Tool Revit\src\net48\BIN\ElementIdHelper.cs","0A6C16EF5363511412BAAD522AEB93A36B0CA0DFFDE587DC3BE32A9BD83CD991"
"D:\Tool Revit\src\net48\BIN\EmbeddedBamlLoader.cs","ED5A9CA4AE2E785680C13D8119B54E0DADAC87CE74004C75C2F78E16E58AB0C4"
"D:\Tool Revit\src\net48\BIN\ExcelExporter.cs","D7DAC7658403A8C1C4D4BC0A08C64B72D5E82EDE8300496F5C97DC55CA3AF8BE"
"D:\Tool Revit\src\net48\BIN\ExportFamily.cs","28FD858ABE8F2E728A06BB52E88009BAB4EDCFBDB99690F049B0186204751624"
"D:\Tool Revit\src\net48\BIN\ExportFamilyWindow.cs","975947F548D8F334A6E435AEBC9A3CB199A5921877555ECF126BD57DA9382E1D"
"D:\Tool Revit\src\net48\BIN\ExportScheduleToExcel.cs","229A1B735880A692D47CCA8BAEE6168A91768DBAF0F38A25F376F9B9CCBE9B41"
"D:\Tool Revit\src\net48\BIN\FamilyInstanceSelectionFilter.cs","281A26877B474450897908F3DED43FAFE4B440BB0005F50862CCE20759788A82"
"D:\Tool Revit\src\net48\BIN\FamilyTreeNode.cs","B2EE665F87EA0B1BC1A465012C2479A5E51E6CF52795BCD97310556945E8BA1A"
"D:\Tool Revit\src\net48\BIN\FamilyTypeNode.cs","0CB1204273157DE77C231417C340EABF0E56FD39166CE45A826C261E8BBBB8A4"
"D:\Tool Revit\src\net48\BIN\FilterBloom.cs","A0D4ECBEA108AB6182AB4F471B848D3DD0D298C494A34B47CC78395A3DB3968F"
"D:\Tool Revit\src\net48\BIN\FilterItem.cs","0BA4FE53B29CE6AA9F41C6004A24A334CE83084FD2F4704B125706E5DF0C9FDA"
"D:\Tool Revit\src\net48\BIN\FilterPipe.cs","DEE00A0A5F76C5EB5B7555C81E4628BCA8CBECF81ED072851F1EEFB797927989"
"D:\Tool Revit\src\net48\BIN\FlangeSelectionFilter.cs","F324C8C3D607B4B75E8D0DF2117E16345FF07354C0E7A2B85209DC4BA33319CF"
"D:\Tool Revit\src\net48\BIN\FlexDuctAvoidMepCmd.cs","A1EB1C840369AABDC17CBF58874EB1BADDEE388543F34FBE25C66738610E8EA9"
"D:\Tool Revit\src\net48\BIN\GetIdCmd.cs","9DCAD099FFCD6C9CA9019D8AAB8BACFBB854473DF723F2D6F72CC1D9B45C30FE"
"D:\Tool Revit\src\net48\BIN\GetIdWindow.cs","A2BEBCAFCA44AF8005137297E2EAC71A170101A35CE5AC630815E47F8C67E1DB"
"D:\Tool Revit\src\net48\BIN\HotReloadFlexPipeCmd.cs","A0EB3EC30D23280CCBC811866AD69AB044447176BB0422A28B21489FE484CB6C"
"D:\Tool Revit\src\net48\BIN\HotReloadFlexPipeMultiCmd.cs","7277115ACAE8203EE109581F48211659547AFD5C3FDEFC94C0AA16DE562E1B12"
"D:\Tool Revit\src\net48\BIN\HotReloadPlaceFamilyCmd.cs","39CBF5CFE4D1EC83633526FBD896E45833185353A7105E0140442D5837292B91"
"D:\Tool Revit\src\net48\BIN\IgnoreWarningsPreprocessor.cs","44905535789C3D6777A8EF03FA305EEF5330DE9528684F75DC30BE20CB58F98F"
"D:\Tool Revit\src\net48\BIN\InputLengthWindow.cs","E5718931C9D0ECB4CB72058C915FFB764D0CF06B122711CF8EC4288B783C5905"
"D:\Tool Revit\src\net48\BIN\InsulationTypeItem.cs","FC3085B6988BC644F805C1A16416DE2D89227F4445DFFD8BB5063E00F6665214"
"D:\Tool Revit\src\net48\BIN\Join2Elbows.cs","8652B39276707F183E3470F1E6CB4CE60C74AB72ED7C91BB5BC6364B45B17077"
"D:\Tool Revit\src\net48\BIN\LabelItem.cs","AD21EDB111D1749A19F1AE5C58C40CDFCB19D1A6DE81A8E19A5F43928E3C439E"
"D:\Tool Revit\src\net48\BIN\LevelItem.cs","D0C332E5712D3D0A42C47EE74366F6F971DA1ACA0B784671E69B1C5DE6CB137E"
"D:\Tool Revit\src\net48\BIN\LinkedFloorFilter.cs","66538F86A11D7CDC33DA390FC0318D6B1CF963AF412E34A5E74A7A102E7660F2"
"D:\Tool Revit\src\net48\BIN\LinkedFloorSelectionFilter.cs","B62A7BF9B174AD7A6D28E848A345B74D7A29CBA5419119A7EFD8987B7965C88C"
"D:\Tool Revit\src\net48\BIN\LinkInstanceFilter.cs","9292370C5C00574E4AB1EAD6B5C5E898D0986F07504B7888D3473F727F0667B7"
"D:\Tool Revit\src\net48\BIN\LinkInstanceFilterSelector.cs","62A09360AF74491B5042B136829B3FBB812E24C2BE371C3AD15889C84C6384B5"
"D:\Tool Revit\src\net48\BIN\LinkSelectionFilter.cs","53872E31F63DA7424CF517B140C7734F29F636037350E567E56AD64B507B4F91"
"D:\Tool Revit\src\net48\BIN\MainWindow.cs","052FD71BD0C0B059F772CD67F6193A889C0D545B1AB12C4C512778B0AF445106"
"D:\Tool Revit\src\net48\BIN\ManageGridLevel.cs","2F1B2D310B808617943730F7F80D41AB2B025490EF9DF3039652CE7DB1817240"
"D:\Tool Revit\src\net48\BIN\ManageGridLevelWindow.cs","6DC67F31702B94B70B7C46BB09C7417C95C06A63719E8E7D8CF13C26E9E5307D"
"D:\Tool Revit\src\net48\BIN\MEPCategoryItem.cs","12DD21F0167BE73BDE13BB5E2F44A481346665929EA50625157C4E6F48CD1410"
"D:\Tool Revit\src\net48\BIN\MepConnectableNewFilter.cs","2BBE187C0299F0F5BA80BA1FE25D6944B1D824BA985E02F2D0115512476C451D"
"D:\Tool Revit\src\net48\BIN\MepConnectableNoFabFilter.cs","47D7692B4DB497457F5170ADF2AECA2A73BCD5BDB15F03D5180B7F9A1A6BE8CD"
"D:\Tool Revit\src\net48\BIN\MepCurveFilter.cs","82A659D7DBB323F2CB62D24A5BD57E535C0E2CA118F1262CB657FA63DC5F42B6"
"D:\Tool Revit\src\net48\BIN\MEPCurveSelectionFilter.cs","1B57654D4EB183DEA89EA5192BE78041FE4789CDD3107686646A3573DE31A8A5"
"D:\Tool Revit\src\net48\BIN\MEPLevelChangerHandler.cs","43FAF4197664BA044BD434CAA005E59F7497656021A2E39159F30779D0779F88"
"D:\Tool Revit\src\net48\BIN\MEPLevelChangerView.cs","4C0C3BC8B23458E6F7952C1209B97D0CDC7A11CEE168DE32F1437D0CC676D1F7"
"D:\Tool Revit\src\net48\BIN\MEPLevelChangerViewModel.cs","0ACBC7C0C0699499C36FDB7FEFD7F4186B8E773246BB7831E8411851B1190045"
"D:\Tool Revit\src\net48\BIN\MEPLibrary.cs","69F61CB605EB1BB0E7CF062AB2E5014B9CD0F06312DB533C09CC2B4085D825F1"
"D:\Tool Revit\src\net48\BIN\MEPOffset.cs","52E6976AACD031A3579162292119D6BAFB978BB87366AB82E160531F69A63548"
"D:\Tool Revit\src\net48\BIN\MEPOffsetWindow.cs","2ED15B88D4F63F1EBBEB3BB45FEA322FD6846EF536449109C43DB444913B20F2"
"D:\Tool Revit\src\net48\BIN\MicroSmokeTest.cs","4D96C5024BB74F84D915C98E0E0676458D0F775F299934656D49963C20EDE6C6"
"D:\Tool Revit\src\net48\BIN\MoveConnectCmd.cs","E071D8576EBEFB607C93FF3942D8507FEE46CEC931A0404F14B9D0D39F2579FB"
"D:\Tool Revit\src\net48\BIN\MoveSupportCmd.cs","D3FF8880389AD150EA16C537900F733355F64DC3E2A38C8CCED5C78FBA021C7E"
"D:\Tool Revit\src\net48\BIN\MultiPipeSupportWindow.cs","BAFC1658744522CD63A2BD7DE2DA2F669D69EF0A469B074BFDCFC1224C0990F8"
"D:\Tool Revit\src\net48\BIN\NaviateHelper.cs","3E9840972DC1AACB5AA33FD5F5C883F616BA525F25D5500E51020B7E22E7D637"
"D:\Tool Revit\src\net48\BIN\OptimizePipeSegments.cs","655E80B06742C8134840BA6450A4D045BDF715A6E59C2A16269F99FCC37284F4"
"D:\Tool Revit\src\net48\BIN\Panel.cs","3996BEADB1E0535F00942F089941E9E48F53278E5730299CD3A77ADED532845D"
"D:\Tool Revit\src\net48\BIN\PictureItem.cs","B0C5264245885EFD685B9412DB1197DC569EB7C508C2A6827CD5038C7ADA6D54"
"D:\Tool Revit\src\net48\BIN\PipeClashGeometry.cs","715824BEC82393B3DDD6544848C88ACD1AB34481196A2D1AB46B622680D40FDB"
"D:\Tool Revit\src\net48\BIN\PipeFilter.cs","603B4712C44F24BEB0EE038E4D3A7357E4319697F802058FE14E5C5BB6407DE6"
"D:\Tool Revit\src\net48\BIN\PipeInsulationCmd.cs","55EBD8B96558895EF790E3DB55FC9673B952B501F96A8F11C19C93FC912E5819"
"D:\Tool Revit\src\net48\BIN\PipeInsulationRules.cs","96325A278FD904599B5B6AD837F1292816BFA324F8E7CEAED70042B021835C28"
"D:\Tool Revit\src\net48\BIN\PipeInsulationWindow.cs","844AFC3F4FDEFBE77302F10EF0569D45278727EF5EAEA320E48E71D3314E9F3B"
"D:\Tool Revit\src\net48\BIN\PipeOffsetUtils.cs","AEE8F885B95789312C2F3326277D80185B22EE6227E0EF01D73B6617182244C6"
"D:\Tool Revit\src\net48\BIN\PipeSelectionFilter.cs","0220DA4FB51F9669976E0C47E55F40A23850785E33C27C40789CCED40BFDE221"
"D:\Tool Revit\src\net48\BIN\PipeSystemTypeItem.cs","B9C10327E9B3B4E0ECF4D79DB845D3B1617579984E2C00BDE88B59AC6CDC8350"
"D:\Tool Revit\src\net48\BIN\PlaceFamily.cs","A0CA9894B367D327E9274B45794ACA6E1F22CBA878C46403118E7F9D59B7A5DE"
"D:\Tool Revit\src\net48\BIN\PlaceFamilyUtils.cs","D4832E357EF63F423489198FD88D1A7B9828E038954A4E5ABDBFADE284FF41DE"
"D:\Tool Revit\src\net48\BIN\PlaceFamilyWindow.cs","6DEF48766F44C056D15ECF148693684F27DA18A34409C123407BF114E2969438"
"D:\Tool Revit\src\net48\BIN\PlaceMultiPipeSupport.cs","68F804113B9AEB2582AB0CA36956870C424462F7A5D2558C6734B1B80D2EE0EE"
"D:\Tool Revit\src\net48\BIN\PlaceSupport.cs","E561440F4A6C71B75A7794E1730EAEC73B1B4464D23842C80B3A8B92E417BE54"
"D:\Tool Revit\src\net48\BIN\PlaceSupportWindow.cs","35E2F4C092D385AEF7BD58C17356B787BD0FD701A05F915A7891785FCA21D522"
"D:\Tool Revit\src\net48\BIN\ProcessbarView.cs","4383EDDBE2CE09C0DA41C2FF07006BF57EE81A6ECACAE2DA604A6BB57DE8F0CE"
"D:\Tool Revit\src\net48\BIN\ProgressBarView.cs","8E53960AEF5B50EB62F533598DF9844BCFC9A07BC4937DABD5E6BE27571730B9"
"D:\Tool Revit\src\net48\BIN\PromptWindow.cs","8C7A1D5E9223B2C74BA5B06B6C56EFF9E413A435B9CC2513C9D5D902C6C457A2"
"D:\Tool Revit\src\net48\BIN\ReducerSelectFilter.cs","1785B4BC43401A9A68FD322DCD62454F4AE9305E803462106BC5BA02DC300BA3"
"D:\Tool Revit\src\net48\BIN\RelayCommand.cs","1C04B2D160D5E8C88D3F3BC6D697C403D0A57E9A3DB86BF7161E00D91D9F3FC5"
"D:\Tool Revit\src\net48\BIN\RemovePipeCoupling.cs","C01ACAD822AA953B66A2051629D1B3509E0C7B416441C8D69E2D079C8E2CC6B4"
"D:\Tool Revit\src\net48\BIN\RemovePipeCouplingWindow.cs","E3418614A7778C4F67D7BCB23C1389A79CACFA703C67CF634ED3309FAD46ADA7"
"D:\Tool Revit\src\net48\BIN\Rename2DElement.cs","C61A665874BA3F9403AEEEB4C2ADFCD25B9B0CC36BAE81BAE086C427EB195EE5"
"D:\Tool Revit\src\net48\BIN\RenameElementWindow.cs","036060ED59A3197C945BC47DFFEA54BA33F05236C3F8A4B9498A08BAF3CE2692"
"D:\Tool Revit\src\net48\BIN\RenameItem.cs","5D62F9938CE11213737E204A43B5B94790420C1B172CC46D9F065512C9A914F6"
"D:\Tool Revit\src\net48\BIN\RenameResultData.cs","F99AE74831C80C4CE46A1D758DA39210B341D971C5B197AD666D76EFBFA9E297"
"D:\Tool Revit\src\net48\BIN\ReplacePipeWithNipple.cs","DF8A702EA2D570653F67B2C7BCDB1EF2E5FB17998C37B1415ABC968A2F523834"
"D:\Tool Revit\src\net48\BIN\RevitMcpServer.cs","07880B816B516A90B2682B8ADCB7EE6BEAD024CEA32DF09D576DE989D1518153"
"D:\Tool Revit\src\net48\BIN\RotateElementsCmd.cs","A53A591895E16B40382FDAE5A4C68E6DD470EA9B5F4CA65D4E385196744BAE9C"
"D:\Tool Revit\src\net48\BIN\RotateElementsHandler.cs","1BFE6EF1FFF495980CAB566215F38581F5A64428A314F3C359E83C79631AA5FE"
"D:\Tool Revit\src\net48\BIN\RotateElementsWindow.cs","117D9AD496783D2E5EE0181BC28B9914E800F2B793FDC7E655B24129BDFD2908"
"D:\Tool Revit\src\net48\BIN\RotateFamilyInstance.cs","2ECA92801E96B2ECC78F4EAD259CED6A335E6AF3B3B852BA2B869AA97B03E4BD"
"D:\Tool Revit\src\net48\BIN\RotateFamilyInstanceWindow.cs","209505DD966BF1427856103E3C123E916036856B11C23DD3A6FAAF1716D31232"
"D:\Tool Revit\src\net48\BIN\RotateMultiCmd.cs","810296C0CF1BDD36D9DE332BFFCBA0F40C925AA3BA0700444251D0739B59B072"
"D:\Tool Revit\src\net48\BIN\ScheduleNode.cs","06A4A6B4C0D2CA21BA36A8707D3E8D393A85221EA011251FF90F47CA1B8DBF2C"
"D:\Tool Revit\src\net48\BIN\SectionSelectionFilter.cs","B6EE71ACFEDE8A87F03985977884F0394159946D469348BC71C36B45BA7A6699"
"D:\Tool Revit\src\net48\BIN\SelectableElement.cs","806282FFB200FF5F8215E53D508A8348ECA28E94B9B5EDAD698A14AA8865656C"
"D:\Tool Revit\src\net48\BIN\SelectByParameterCommand.cs","A6F207F866DEC62322E8F2BC3E8A179031B94486867A3ADCF5E493A2E74DEEB2"
"D:\Tool Revit\src\net48\BIN\SelectCableTray.cs","AB008A294E70998EACB7242113D92F12B0E632C8564A772A11C5A8FC0C23893C"
"D:\Tool Revit\src\net48\BIN\SelectCableTrays.cs","699ADC84248C166E811B443439DDD039F037767281D927903FB2E5FDE69C4C94"
"D:\Tool Revit\src\net48\BIN\SelectCadLink.cs","4F1C4BB08EC9C6E2DDA327D986D76B556498A788789FB71B79DCCD9A7A3B9099"
"D:\Tool Revit\src\net48\BIN\SelectConduit.cs","B6CEB0F4CDB985930ADE9E2377138C3B7B899244B816A3F2918AEB3772040ECD"
"D:\Tool Revit\src\net48\BIN\SelectDucts.cs","12A6B2632F6645D7EB8EBFAA66EDFDD555525D5E2ECA423FE200637BCBF11C41"
"D:\Tool Revit\src\net48\BIN\SelectedPipe.cs","5452EF7326479FA2D04E058EEE1F62EA48499980F030EBE82A4EBB01F37AEEF0"
"D:\Tool Revit\src\net48\BIN\SelectElement.cs","5D4F25FCE1DB4D9E91277853EBD484F1556F408915D789B2ECA4B00460D12698"
"D:\Tool Revit\src\net48\BIN\SelectElementEventHandler.cs","CA23946DCE96DEC2E03D58F07FFF4E05CD3CC5DDC180D0C1A8AEEFEDCCB807CB"
"D:\Tool Revit\src\net48\BIN\SelectElementWindow.cs","152104FA0B6216C3F21665081D62619F08D9922F171AEE67BB776699A0DF0A15"
"D:\Tool Revit\src\net48\BIN\SelectFamily.cs","4D97CF30017CF27889BE375E5FDF089252AD6AC574445941083E8B65B9A18368"
"D:\Tool Revit\src\net48\BIN\SelectFamilyWindow.cs","C8F93B8A79895F61C861F2815866439132C16853B05EB229C769681A571453AC"
"D:\Tool Revit\src\net48\BIN\SelectFloor.cs","2233E56D2B6785CC004490BB38598240937FB5099D3EE201CF0EB09F83C98807"
"D:\Tool Revit\src\net48\BIN\SelectGrids.cs","B61A76BB761785BB4C70F7B0D1AE4FDAAC37B2A670D536A21E08DF65FC278790"
"D:\Tool Revit\src\net48\BIN\SelectHorizontalDucts.cs","0603787AE8E49CC1748C71B69DA79A42373C8750C1082AD69788F8CF087981AD"
"D:\Tool Revit\src\net48\BIN\SelectLevels.cs","8C1828355D8157862FB1C509305F5F0427A4BE3B56D5725E81D7271F99C95449"
"D:\Tool Revit\src\net48\BIN\SelectPipe.cs","4F7722668EAA4596474291008A1E9E526AA2B7C1D85CD48878A49398DCBB82AF"
"D:\Tool Revit\src\net48\BIN\SelectPipes.cs","10C44E89259E1304FB81FE3C2C30F6EFBA02BD19625CB86A8831AEB37DC243C7"
"D:\Tool Revit\src\net48\BIN\SelectRevitLink.cs","A4B3A5B425E24A4E7CF549C884B593B3C65020712213B411C78D7F487D21581B"
"D:\Tool Revit\src\net48\BIN\SelectRoundDuct.cs","C81C1D95E94E6975330F44E6A8E82118494B6013DF88005B8BB169C4EA82C1F4"
"D:\Tool Revit\src\net48\BIN\SelectSprinklers.cs","C4C49F71D904C52909169803913B6FEF09646A07C25ADCBA3D1B0B11E320646F"
"D:\Tool Revit\src\net48\BIN\SheetFromExcel.cs","47F98C7330BCA715C9CCE2F0C93EBF2E14A72B7838559BEB066278B209AD81EA"
"D:\Tool Revit\src\net48\BIN\SheetItem.cs","AB695B74B9B37B6D30DD8962A9FEDE8DB1EBDDD996D7C53469634DA97C73D983"
"D:\Tool Revit\src\net48\BIN\SimpleLogger.cs","F8BFF8034C396AB908DCB968F9986E87CE4B0A6ADA1E46B18FEEFCC0E339597B"
"D:\Tool Revit\src\net48\BIN\SplitDuctCmd.cs","1464B8C1EB54BA6EB2B3B3C7EC32EA884281AAF413E90D026D1E015544CC6C15"
"D:\Tool Revit\src\net48\BIN\SplitDuctWindow.cs","058E6FBAE7A0D906B202223E2202176D257FA991946C1BBAD5D0A1FFA93FC9BD"
"D:\Tool Revit\src\net48\BIN\SprinklerFlipper.cs","53D47C8172DBF94BD00C4672937BD8C7026CAC3D7D49C54672203091B7F60B92"
"D:\Tool Revit\src\net48\BIN\SprinklerFlipperLogic.cs","49775DEA7807014F035C2086D635495112A0607A32B789F8F98146524FE0751D"
"D:\Tool Revit\src\net48\BIN\SprinklerSelectedFilter.cs","2F674C4122004ED94679FAC1F93F8D19737009891EB1B0E6ED33B8352A18E3D2"
"D:\Tool Revit\src\net48\BIN\SprinklerSelectFilter.cs","13FE8144942A7CEECE87D9FBE41BF42BDF5E0B1D3D32DB66074DA939084FB6B9"
"D:\Tool Revit\src\net48\BIN\SprinklerSelectionFilter.cs","9B8F97D1D6E87E3675E33155A6B2DCDFCF20D23ACC0BBEBF18A850B429F3A1C4"
"D:\Tool Revit\src\net48\BIN\SprinklerSelectionWindow.cs","6965D4DE4415764A4436DA26106B76939C81F7ECCFAD454885021D139AF806BC"
"D:\Tool Revit\src\net48\BIN\SprinklerShortenerVerticalPipe.cs","EB63DFB59D07E3B3067F4A05AC27CBD36575150919D5807B3DB38C134511CA72"
"D:\Tool Revit\src\net48\BIN\SupportLogItem.cs","0352C6AE47F0198D5C17F75957D0F7B37123CBB43D658E3812FF764A9E4A21D9"
"D:\Tool Revit\src\net48\BIN\SupportTypeItem.cs","B059452B882C5F92199D9FCFA43545E894EF2DF6A316C5D2FD35B604BDBA1A77"
"D:\Tool Revit\src\net48\BIN\SystemCompareItem.cs","13ABC0DEE839190C8BA119567913234B573353BA70CDA0D8AB2E00CECC919F17"
"D:\Tool Revit\src\net48\BIN\SystemTypeItem.cs","DEF31462719B95DDBC93A6C425C8CD9E7E2B574674966BE94243B70D122A8610"
"D:\Tool Revit\src\net48\BIN\ThicknessEntry.cs","FBFF1AFD60C476DFB4A5DBC24E5B6D0D7371BDB89A92EEF7495C277996680310"
"D:\Tool Revit\src\net48\BIN\ThreeDAlignCmd.cs","8092CE27EC44D414DA350123E20404D8D6D5C0E97D2B8F7FDDDAA55BF2B77DD8"
"D:\Tool Revit\src\net48\BIN\ToggleInsulation.cs","98210C023C72C1AF0689E6D2F9342C959CE37422A96BBAAC1FFE450555D132EE"
"D:\Tool Revit\src\net48\BIN\ToggleInsulationWindow.cs","1E9F3001F0C14B2AAF9329A28720FE493EAD8E0AA96C99CCB69F311BF531547A"
"D:\Tool Revit\src\net48\BIN\ToggleSectionHeadCmd.cs","56E538B7A0248F0B80820CCBCA35C7BF3C1DD6D245813461B64E41E72A3DA15E"
"D:\Tool Revit\src\net48\BIN\ToggleSectionWindow.cs","4308146B5F0CCD69C76E9E9BFCE70759A2A1D59CBCE2D4949B39F11700D4071B"
"D:\Tool Revit\src\net48\BIN\TransferDocument.cs","553BFCF6361CD1E692FF381338C168B94EE9BCDAB5B230105CF6304079E4A899"
"D:\Tool Revit\src\net48\BIN\TransferDocumentDuplicateTypesHandler.cs","4A1C242D07D2CAD84FBB72F504278DF09A03725EF393CDCB358AB2AE9503474E"
"D:\Tool Revit\src\net48\BIN\TransferDocumentItem.cs","1BEF9119449498BAA96D4D7BD301839C69ECB834CF0BF5036BFBA3F5FE34C0C3"
"D:\Tool Revit\src\net48\BIN\TransferDocumentType.cs","C93E50AA7546DDD4CBC597353A544E984E1CCC8DD7196F76DAD60AD1FADE346E"
"D:\Tool Revit\src\net48\BIN\TransferDocumentWindow.cs","46AA34C7D9C7001BB991B47B1D753E2056ECDB5C1980E5E69EAEAA90F1AC81BC"
"D:\Tool Revit\src\net48\BIN\TransferToReducingElbow.cs","B8626E64D06508900AC43E1222A044D8A9F0D767D2396F48D1BF39BE7F0DE46F"
"D:\Tool Revit\src\net48\BIN\TransferToReducingElbowWindow.cs","CC968C8B6F580B553EFD59774F227223F323A243FA77E70D29C35CEABFA33FB3"
"D:\Tool Revit\src\net48\BIN\Trim3DCmd.cs","C53619F2719FAB312F87D5EC60D24CB63FA4F0545900BCC5C2747E0CF84ED6E6"
"D:\Tool Revit\src\net48\BIN\Trim3DPipeFilter.cs","D7DB4268D3EF9686039E3C3859F8CBDDC625B789B606E2ACB92FE0F94E819632"
"D:\Tool Revit\src\net48\BIN\TurnDrainagePipe.cs","820F6F4679DF3CF4CB4CCCB6729FA07D159A38E3C2DCD6DBF0512FA26029FDF5"
"D:\Tool Revit\src\net48\BIN\TurnDrainagePipeWindow.cs","5302C45C43FB8D5B496154B33C1101C2CA7B8C51792F02A05D85512AB1355156"
"D:\Tool Revit\src\net48\BIN\TurnMEP.cs","843E0A778B5BC96598B140695BF7E388F7271B14D6172BCEE35D97BAE0CA6893"
"D:\Tool Revit\src\net48\BIN\TurnMEPWindow.cs","FCC4A7A9DD59B76D195179B295177521EF102551E4A80CFF296DE6D978022298"
"D:\Tool Revit\src\net48\BIN\UnconnectedFittingData.cs","CBC0C0BF7336AF56CC78A44326FCABF6C2769F4DBCE9C860A22152A12E4678D5"
"D:\Tool Revit\src\net48\BIN\UnconnectedPipeData.cs","59A1365D9113D6ABE50C94FA9CFA4F4FAD153C5AF5953BD59B7BE7827611D930"
"D:\Tool Revit\src\net48\BIN\UnconnectedSprinklerData.cs","DFDE0CE9CAD2B85AF9772A5BFDF580C8FAA0EABEC2E945316620F68EA1832780"
"D:\Tool Revit\src\net48\BIN\UnconnectedTerminalData.cs","93D271BB6FB974A75E3572DBD1B8CB3B4648B87CF30905463784D90CF2626DD9"
"D:\Tool Revit\src\net48\BIN\UndefinedPipeData.cs","C3E1ACEE028542664E560F9886F18CF43796F59C61C8E851B09DC7C5750856DE"
"D:\Tool Revit\src\net48\BIN\ViewItem.cs","0B361726325D4B1F3B5A56D0DD927E203E27B9EB0FC42769A6DD8A055A7F0C11"
"D:\Tool Revit\src\net48\BIN\Common\Mvvm\BaseViewModel.cs","E8F681B61C49ED77C0B63B1C332D87CBF8F4613330C9CFF04A4902CC7696C98E"
"D:\Tool Revit\src\net48\BIN\Common\Mvvm\SBP_RelayCommand.cs","ACE21AEE23915563456919E0842F5390C5C0A8E6B54124FE420B58E0214B61FC"
"D:\Tool Revit\src\net48\BIN\Common\Revit\DeleteWarningSuper.cs","F659E015DF749D1437C05BA68C44489A627AE05522C6C6A0F2CBDF8D8CC88C61"
"D:\Tool Revit\src\net48\BIN\Common\Revit\RevitApiHandler.cs","9C570EC5D988DA7844EB84D9C690828E30B12F2FAC50474F97EE96A24FD8BF74"
"D:\Tool Revit\src\net48\BIN\Common\Revit\WarningRecorder.cs","F3E486558F46EE6D2D23F6AD52AEA58FB576AB9A2783DB27E0BAC6F72343C5F8"
"D:\Tool Revit\src\net48\BIN\Common\Revit\Selection\ColumnWallSelectionFilter.cs","EF9C360544A1B424105FEA6ACBD021D17DA2C59F666ABBBC4F38F5EDDD7549F7"
"D:\Tool Revit\src\net48\BIN\Common\Revit\Selection\RoomSelectionFilter.cs","281AF1B317C8C6CD5A6FD6A0664266A56397874F65F8C9E1640E666E6B9B9C4F"
"D:\Tool Revit\src\net48\BIN\Common\Revit\Selection\WallSelectionFilter.cs","EDA09B3CACF7CE7AC5F5482F127FA59B8F880FE26537A340B0ABD9317F205189"
"D:\Tool Revit\src\net48\BIN\Common\UI\BooleanInverter.cs","B976F1F2C7D8EA6B52D30DCBCD3CF8E104D014DBB159DA0B2FD6981DAABEC31F"
"D:\Tool Revit\src\net48\BIN\Common\UI\ProgressBarView.cs","D98C0F79DB2CC3EDEB9FB4DC857E11B7F1D6B957850DA5D53D1D4AAC6BA2FDD1"
"D:\Tool Revit\src\net48\BIN\Common\Utils\ElementIdHelper.cs","91CFA8E6E2C39AC4042E3420FF5105ECD07AE9F6B2DBDD0C8754E848434015B5"
"D:\Tool Revit\src\net48\BIN\Common\Utils\GeometryHelper.cs","D5CBF4870A1EF14168EE6886C5BE014C87B0AA37DD9B645A461509A59D8A528E"
"D:\Tool Revit\src\net48\BIN\Common\Utils\MepHelper.cs","48E9C2D7FCA994C2A80D1AD482E15F84A8DBB340CE9AF03EC7D28148EB4F69CF"
"D:\Tool Revit\src\net48\BIN\Common\Utils\SimpleLogger.cs","C621DF8402D5A848D86EA835893ECA3F2F891F2FD59FA05FACB597EBD541F512"
"D:\Tool Revit\src\net48\BIN\Properties\Resources.cs","7EBE87B4380A3415B6122D4B8025F43E3D68DD72103B2E05643E29F5013460B1"
"D:\Tool Revit\src\net48\BIN\SelectByParam\Models\ElementCacheEntry.cs","DBB44F1464706C521AD65C099076451B717CAB637E7B74F1E8A7658D6A2D3877"
"D:\Tool Revit\src\net48\BIN\SelectByParam\Models\ParameterItem.cs","75959035D9C9A0376990E216C6D8B00EAD2B5EF07DEB86FFA699B6115F66716E"
"D:\Tool Revit\src\net48\BIN\SelectByParam\Models\SBP_CategoryItem.cs","FC9941C145E12321A0F148DBB97B53B5765E976913D5521874F31A71A59C0DBC"
"D:\Tool Revit\src\net48\BIN\SelectByParam\ViewModels\ScopeOption.cs","100984D3C5BA3828D31B718534AE8AA6EB968B4FD5608619AF83708DA06DA161"
"D:\Tool Revit\src\net48\BIN\SelectByParam\ViewModels\SelectByParameterViewModel.cs","CC349A17936C51B93CCF0467C626B87A07604D7C6D02EE6C6CD70DC23609E184"
"D:\Tool Revit\src\net48\BIN\SelectByParam\Views\EnumToBoolConverter.cs","F252A3D3A43094F05E992687DBF2BAF439C8EEA9E9D5C89B7D9A955759E498D7"
"D:\Tool Revit\src\net48\BIN\SelectByParam\Views\InverseBoolConverter.cs","8416D192F72651CDE76F6BD2A65B317609DBFB9468C2DE11187363FBF139C1FA"
"D:\Tool Revit\src\net48\BIN\SelectByParam\Views\NullToBoolConverter.cs","937096DFC9B3CF0A017CB21DF5279A2629C20FCC90197096EE861D32A3A67070"
"D:\Tool Revit\src\net48\BIN\SelectByParam\Views\SelectByParameterView.cs","377F6B1BA2158435A467C025D19FCCC73DF654494073F0C9D3D50422DA32736C"
"D:\Tool Revit\src\net48\BIN\Sheet_From_Excel\SheetFromExcelView.cs","3B719081A6E0DCBF6EB7D165E33CC34A7ED59A2BD74E15FAE53419CC35006A1C"
"D:\Tool Revit\src\net48\Microsoft\Office\Interop\Excel\AppEvents.cs","1BA2792D0F9F84BA9D1B9AB90D9B6924B72A453AAC13EC06AA0251C5BF34352E"
"D:\Tool Revit\src\net48\Microsoft\Office\Interop\Excel\AppEvents_Event.cs","68CF6C0F7B96DD29DCA3099B3B910911C567B98D77DF285086C145DA97D3B053"
"D:\Tool Revit\src\net48\Microsoft\Office\Interop\Excel\Application.cs","A2C5666B6D9514BFBF0D58DF6F559A8C36F3D93104FEC536ED5A8D7963F987B6"
"D:\Tool Revit\src\net48\Microsoft\Office\Interop\Excel\Workbook.cs","A28ED7DCAA74CE6AEEAF947D22E1D3ACF5BBDE3B60020E6B01D6CB1ECDEC8E5F"
"D:\Tool Revit\src\net48\Microsoft\Office\Interop\Excel\WorkbookEvents.cs","3DCCEC74EED67A1B46FEC401D8648B83999AA56973432C244F4F58EA1247194B"
"D:\Tool Revit\src\net48\Microsoft\Office\Interop\Excel\WorkbookEvents_Event.cs","77223881E22AF13B06DA0FA539100067BA9A486EA629E59EF39B5119DC984BB6"
"D:\Tool Revit\src\net48\Microsoft\Office\Interop\Excel\Workbooks.cs","2CA6978AD0923A3AF29AF67202DD25A02BD70FBCDA9DEF54313570F96286F961"
"D:\Tool Revit\src\net48\Microsoft\Office\Interop\Excel\_Application.cs","6CB45FA4061079801ABD18FAD8624596CE3D23DF425B9BDAAE578C32CC684513"
"D:\Tool Revit\src\net48\Microsoft\Office\Interop\Excel\_Workbook.cs","1EB0CC2BBAB447F95E3831A95BAB49D128E9994192144827781018651133D63C"
"D:\Tool Revit\src\net48\MyAddin\Features\ElementVerifier\Model\VerifiedElementItem.cs","A7D223328551BA3FC4A29C2C2E3C9E2C4CB5BC958B578FAAC1E6985709CFB55C"
"D:\Tool Revit\src\net48\obj\Debug\net48\.NETFramework,Version=v4.8.AssemblyAttributes.cs","AF4C24EFDD16C0CB3946E8E148FB6DF4FC9C501C71CC718738B4728808737373"
"D:\Tool Revit\src\net48\obj\Release\net48\.NETFramework,Version=v4.8.AssemblyAttributes.cs","AF4C24EFDD16C0CB3946E8E148FB6DF4FC9C501C71CC718738B4728808737373"
"D:\Tool Revit\src\net48\progressbar\progressbarview.baml","CAD667E014D36E442DA25D111630837EAE68169320845601D9601E578B854EE0"
"D:\Tool Revit\src\net48\Properties\AssemblyInfo.cs","C282CF7AF7E857658AB24E8B3CADB1BDD456CBFA24EB1C8622577C02B9789AF5"
"D:\Tool Revit\src\net48\Resources\Trim3D.png","FA0FCD133F026C341877F112A30D4D8F430495DBFA9E7060804DE434E6179CDD"
"D:\Tool Revit\src\net48\Resources\Trim3D_small.png","0DCE6B478F60B593E7B361C1176AD4C573E539A44D99429AB9935EBAB0BB5955"
"D:\Tool Revit\src\net48\Resources\Trim3D_tooltip.png","C38123F6D4C85B1CFFDE847188F67D8F1814578F958CC51D599134F14119D88E"
"D:\Tool Revit\src\net8.0-windows\app.config","3D27AEA3B80EA4043314CD062D6AC62B1BDFDDA5ABBE40EE68FD1679A1CCDA80"
"D:\Tool Revit\src\net8.0-windows\BIN.csproj","B0B06CE32943241865BF4A85A3F703DC7AE4528B622181976031A5CF1978B585"
"D:\Tool Revit\src\net8.0-windows\BIN.Properties.Resources.resx","0540C258023EF914386E1294FB84BA6B7132667A01FB5395C77D3E1C8E5C3BDD"
"D:\Tool Revit\src\net8.0-windows\Program.cs","B1B4749986949A07B3740214BBE66702F3BB2922ECE2F440D52C1CB307EEBDB2"
"D:\Tool Revit\src\net8.0-windows\02.-20create-202-20elbows-2045\inputlengthwindow.baml","16E125CE6912560EB6229264D8533E87EEA8E067C0DE671F61FB505BA6EAB1A5"
"D:\Tool Revit\src\net8.0-windows\05.-20replace-20pipe-20with-20nipple\selectfamilywindow.baml","B0726CEB32360449213EC80A63019E6EE8EB235E5CD27E7CF5A8BF836EE391A0"
"D:\Tool Revit\src\net8.0-windows\06.-20sprinkler-20shortener-20vertical-20pipe\promptwindow.baml","E36FCA3176011E2D077CA14B548F5E2B4EC7F9CEABA497417F6C6FA74DA56FA6"
"D:\Tool Revit\src\net8.0-windows\07.-20transfer-20to-20reducing-20elbow\transfertoreducingelbowwindow.baml","741B107AD3D93CE6029502EB3649E7B59CB87E4A8A1A9EABFFD769B1C89BED38"
"D:\Tool Revit\src\net8.0-windows\08.-20sprinkler-20flipper-20up-20to-20down\sprinklerselectionwindow.baml","7B034D397CD884F8612CAE74F5F5463B85471354C364D10904B4EB0C84C3CEE7"
"D:\Tool Revit\src\net8.0-windows\10.-20place-20family\placefamilywindow.baml","4CBDA017C29F5D61AABA127924E966D739ABB552487F522A29B8AD67CE81C75F"
"D:\Tool Revit\src\net8.0-windows\11.-20split-20duct\splitductwindow.baml","AE9BCD22545944E0DBC7A02D299398D3984F3CF62532AE1E96D14B3E3CB11A09"
"D:\Tool Revit\src\net8.0-windows\12.-20sheet-20from-20excel\sheetfromexcelview.baml","22D37AB977D005984ACA5E0A262F1E3647F705C536179635BCD726ED1F2F65BD"
"D:\Tool Revit\src\net8.0-windows\13.-20export-20family\exportfamilywindow.baml","E4EE90FB108C18956E6A137E7EBFAE69D12921575A1505AAC65EE937EBD20DB8"
"D:\Tool Revit\src\net8.0-windows\13.-20export-20family\processbarview.baml","A20E55BEDAA0D862A0718A6AD30AADED769215890BB3326AFD19BB94A79EEE36"
"D:\Tool Revit\src\net8.0-windows\14.-20turn-20drainage-20pipe\turndrainagepipewindow.baml","B01BB977CDDE6F800177AD4C2C9E7F086450C95F7F395DC550368AD7E7943F36"
"D:\Tool Revit\src\net8.0-windows\15.-20draw-20drainage-20pipe\drainagepipetypepickerwindow.baml","1BA13F0C5E6D153ACAC64E1369A2C6D0CC47B40B459D317AE87CE984AB9A927E"
"D:\Tool Revit\src\net8.0-windows\158.-20check-20sprinkler\checksprinklerwindow.baml","3BF37B948569DF14A18837CC139C63E5CE6CEAA4FA0D956ABCAA3D802567A2AE"
"D:\Tool Revit\src\net8.0-windows\16.-20place-20multi-20pipe-20support\multipipesupportwindow.baml","DD13B1C7839203A52CD2CF865F81BC6204D61A91A1C0D8630B9D80C6EC612333"
"D:\Tool Revit\src\net8.0-windows\17.-20rotate-20family-20instance\rotatefamilyinstancewindow.baml","411493332693B2AC9ACAD20D5016C0CDEE520986283F023C123B1DE035956231"
"D:\Tool Revit\src\net8.0-windows\18.-20remove-20pipe-20coupling\removepipecouplingwindow.baml","AAA459F602FAE82053DBEE1E9258DB4BDBD9A3EB37B610B4367AC20D94C30490"
"D:\Tool Revit\src\net8.0-windows\19.-20connect-20tee-20and-20reducer-20--20groove\connectteeandreducerwindow.baml","DF042966453093875FB2B950407C805932CBD594B618CD35A27430FBB7922FD4"
"D:\Tool Revit\src\net8.0-windows\20.-20connect-20sprinkler-20to-20pipe\connectsprinklertopipewindow.baml","7CEE96D2745DAF0422A50BE6DB4E56D6A1F1DF7E05B16EA9E44EEB9C68AD42C3"
"D:\Tool Revit\src\net8.0-windows\21.-20copy-202d-20element-20to-20other-20document\copy2delementwindow.baml","1E0A3DA6FAE6F4C0D83FD444AA67EDBEDA2F019CBB39786F56E806B54CF4E479"
"D:\Tool Revit\src\net8.0-windows\22.-20copy-20view\copyviewwindow.baml","BE3F3A7CEE09C7237F4A1C25469D18CA6A7A6C87F9433A59F4F023335563AB01"
"D:\Tool Revit\src\net8.0-windows\23.-20change-20reference-20level\meplevelchangerview.baml","4D05FF25823C9AAE29AF53A68D3A570BE98A6739DBA907C247851E13CED18A98"
"D:\Tool Revit\src\net8.0-windows\24.-20export-20schedule-20to-20excel\mainwindow.baml","10587E55B08C8A821786359578736880C2CEFF3A36CC8B685643EAD4D7474CA0"
"D:\Tool Revit\src\net8.0-windows\25.-20delete-202d-20element\delete2delementwindow.baml","4A0CEE8D200EA240282BE7F646723506F76BF219FAE2105FE3219AB3A1EE0F0D"
"D:\Tool Revit\src\net8.0-windows\26.-20toggle-20insulation\toggleinsulationwindow.baml","91215FEFD17486F43534B0433B4A06DA7457A73C0CC52CDB465C86B73F7C34C4"
"D:\Tool Revit\src\net8.0-windows\27.-20draw-20clean-20out\drawcleanoutwindow.baml","DB01BB37215603CD4C397FAF71964730EA58CB132A374AD743C0EA6630B4585D"
"D:\Tool Revit\src\net8.0-windows\28.-20place-20support\placesupportwindow.baml","91E5F50997871B6755AB93A8575DE636292037179EEC8CD820ABA029D3E10202"
"D:\Tool Revit\src\net8.0-windows\29.-20turn-20mep\turnmepwindow.baml","E144FD9D90E3B3DF805C2DE8A1B9B38FE021C4125875EADE14A90A3B0BEECBBC"
"D:\Tool Revit\src\net8.0-windows\30.-20mep-20offset\mepoffsetwindow.baml","C3FFABF8B6A06DFAE5F0741C53292C9AB4AB1E51F63B5B362A162F44A45A8799"
"D:\Tool Revit\src\net8.0-windows\31.-20rename-20element\renameelementwindow.baml","B0367C5D261ECC4F1BEB2109D614C14A8674FE67AC3F8FE373E4C0DE218C4833"
"D:\Tool Revit\src\net8.0-windows\32.-20copy-20sheet\copysheetwindow.baml","3D209EBE9F4524E94D135433A29CD60052F9413A6E01F5CF4B9CF2B5E3E4BEEC"
"D:\Tool Revit\src\net8.0-windows\34.-20manage-20grid-20level\managegridlevelwindow.baml","EA0390E58863845C7960527735D85F0E860041A739C50CB039630A4EF352E28C"
"D:\Tool Revit\src\net8.0-windows\35.-20pipe-20insulation\pipeinsulationwindow.baml","D3DD779D062BB7B70A11DE2FECDBF7CD84919D3E88BF75DBF0A202F3982F822F"
"D:\Tool Revit\src\net8.0-windows\36.-20select-20element\selectelementwindow.baml","03298D6E5AF28B6A1CA6AD388CB5D3E4D17E674626F969A080E2DF9E8277AD80"
"D:\Tool Revit\src\net8.0-windows\37.-20clash-20detective\clashdetectivewindow.baml","DA3FEB85AF534CDABD608846C68C0E7D069B39D4B68E3A388FE93AE269981767"
"D:\Tool Revit\src\net8.0-windows\39.-20select-20by-20parameter\common\ui\progressbarview.baml","05967D261B77AA9FDC73F10DB8916A13B4283AC14B00B4ABD156C2AB3C64CA83"
"D:\Tool Revit\src\net8.0-windows\39.-20select-20by-20parameter\view\selectbyparameterview.baml","0EE100D6317515F3B1706FB919CE8FC6930A828AEDBD702E9762CB32B823D273"
"D:\Tool Revit\src\net8.0-windows\40.-20compare-20element\compareelementwindow.baml","C8EB68960B9B9167B385BE7266FB353EC5AE3F6CDF9756FFBF6EF233B7894984"
"D:\Tool Revit\src\net8.0-windows\42.-20toggle-20section-20head\togglesectionwindow.baml","0C421BBAD1F40FF2CC7E177C22755740209FFDBC2883EFC581E18ADBE42F4742"
"D:\Tool Revit\src\net8.0-windows\43.-20boq\boqwindow.baml","8F473B649894972DF310BC4CB6C53AE70B11D163242CFC98C5840A6318B55BC3"
"D:\Tool Revit\src\net8.0-windows\57.-20check-20air-20terminal\checkairterminalwindow.baml","0F0ED7BBEF50EEC8E488DDD7B07C9A0CD1636518AAD1B32BFB3ED2177959C398"
"D:\Tool Revit\src\net8.0-windows\58.-20flex-20duct-20avoid-20mep\avoidmepwindow.baml","2E71361162A21BB9181EBF2F181F598D85DEDEA46A4483958306AC75C4EBAAB7"
"D:\Tool Revit\src\net8.0-windows\59.-20check-20pipe-20fitting\checkpipefittingwindow.baml","5C4C70BB48BBC33D79092E72F6E544FF37C8C7E9A93CA627FACCC5A813CF19BD"
"D:\Tool Revit\src\net8.0-windows\60.-20copy-20filter\copyfilterwindow.baml","F06740E9571A36C997FDDEEA57B93AC2398CC4B962ADAE00C7FF72108C2A9F82"
"D:\Tool Revit\src\net8.0-windows\61.-20check-20connected-20pipe\checkconnectedpipewindow.baml","67922E5EF1D52EB7D6165BA919219C2FD16DA0A88C9D32CA56AB10A0E8B904A0"
"D:\Tool Revit\src\net8.0-windows\62.-20check-20undefined-20pipe\checkundefinedpipewindow.baml","C0954928A49230602C8AA09BAEA6EADEAEB1A82AB06D39DBC71F411FAC5810AC"
"D:\Tool Revit\src\net8.0-windows\65.-20align-20support\alignsupportwindow.baml","A84D02F8F3F6AA7725A968AB694F96B8C6FFA9E24A3340A55A43A3C2CF551FF0"
"D:\Tool Revit\src\net8.0-windows\BIN\AlignPipeElevationCmd.cs","C5402E07A387BCF89EA65E404D7B961DB024A7B43F0215A28442EB1F5CFBEA99"
"D:\Tool Revit\src\net8.0-windows\BIN\AlignSupportCmd.cs","CF6839C4D43A0F690AA037FD5FF54B6F814E375855AC6F6A91EDF5650FE3BBB5"
"D:\Tool Revit\src\net8.0-windows\BIN\AlignSupportHandler.cs","49759502B4945C6A800239E7111C9DCFDFA841BEF7E6A6E46DBDD96E487056E4"
"D:\Tool Revit\src\net8.0-windows\BIN\AlignSupportSelectionFilter.cs","33101579B4CFBCB46BE6724F0B18EB2D24550C51E6274E98CE89B36782ACC4EE"
"D:\Tool Revit\src\net8.0-windows\BIN\AlignSupportWindow.cs","A87EB0E04C1AE860AD188C6A406DDC1A6939E22E249C375615911C4E40D5F053"
"D:\Tool Revit\src\net8.0-windows\BIN\AvoidClashCmd.cs","42E894269D23236CCC5B55873A4D7D7043119C174677EACEB789F95B4F56CDDF"
"D:\Tool Revit\src\net8.0-windows\BIN\AvoidClashWindow.cs","111F0EE75B50861009B79BE23B28E5520D85EE58CEF308FC856961EA39E2941E"
"D:\Tool Revit\src\net8.0-windows\BIN\AvoidMepWindow.cs","6A1B8A504E32CECD6E2423EFB53E3C1BE0AF09DC3556317E72DEEA5255B5E224"
"D:\Tool Revit\src\net8.0-windows\BIN\AvoidMep_FlexDuctFilter.cs","A109EE34E9BC09DEB83174A8DFBEB06D42D405B6CDD985E6C8AB7F88738EE909"
"D:\Tool Revit\src\net8.0-windows\BIN\AvoidMep_ObstacleFilter.cs","F38FA2A610B8D20D0C0B9BD832453DA55CD587ADF4C822E573353FA594215076"
"D:\Tool Revit\src\net8.0-windows\BIN\AxisHelper.cs","88390F256F988D6FAD2308F442DD645709E9E9EA14EB9A6D97D41D4F19B3B772"
"D:\Tool Revit\src\net8.0-windows\BIN\AxisSelectionFilter.cs","6F9842DCD4BAEF3A4585EE631AFDDF0CB1E8A3B563FFF9766DF571FE87072567"
"D:\Tool Revit\src\net8.0-windows\BIN\BloomCmd.cs","F0AC4EAFEAF427527EC0043B134B6AF7B5953B21EC70CD2A66019F6296CDA439"
"D:\Tool Revit\src\net8.0-windows\BIN\BOQCategoryItem.cs","6346EDEEA440895423ACBE153A7583063F2DAAA326C7DEA499C6BAF70FC82B21"
"D:\Tool Revit\src\net8.0-windows\BIN\BOQCommand.cs","B3A657014DA915E95F01021542E9965132156B00DE2C6E6AE1BBFE0E4A504CFA"
"D:\Tool Revit\src\net8.0-windows\BIN\BOQExporter.cs","419AAECFA3D77656CE40F34AA297082E29FB96ABBA4308B9CF840D2941E00D76"
"D:\Tool Revit\src\net8.0-windows\BIN\BOQExportItem.cs","CD9E9FA0A7843C9D0911772B12745B34D276A64479733A1CF9B6860844029C4F"
"D:\Tool Revit\src\net8.0-windows\BIN\BOQFilterItem.cs","5312335685D8659C63CB0A3FBE7348DD5EDF0EA7703981F0666881E28327E22B"
"D:\Tool Revit\src\net8.0-windows\BIN\BOQFilterValue.cs","7D495E4CC3793368CAECAC9149431609BB2573D9E6A0BB6D430139263C984873"
"D:\Tool Revit\src\net8.0-windows\BIN\BOQGasSizeItem.cs","EBDB6BB5EE3FE49E3E960E03C1E75CDBD214391B2E4F2FCB3308932EBDF81BC7"
"D:\Tool Revit\src\net8.0-windows\BIN\BOQGroupItem.cs","C003B925B479B2D8A570388AFD52CD26DB7A7A3E09963CEAEDB19241639F58FF"
"D:\Tool Revit\src\net8.0-windows\BIN\BOQSettings.cs","CE390775E746B26D9E194BE406716A572C82C6C323398F42BAB1843EA7C6FA8E"
"D:\Tool Revit\src\net8.0-windows\BIN\BOQWindow.cs","2FD5C66BC8AD61AC991724CC3D87AB44D49564811F782EAD441F9A189ACDB7C9"
"D:\Tool Revit\src\net8.0-windows\BIN\BranchAlignLiteCmd.cs","74749C53A557FE5E8D27EA85B7CDD39D18055BEF091F8A95403E0472B423DC2B"
"D:\Tool Revit\src\net8.0-windows\BIN\CableTrayOffsetUltils.cs","DE6B8FCD0096339365018BEA9DE0302B57ED9B7E78E4FC48B6FB8C6915F5C6BF"
"D:\Tool Revit\src\net8.0-windows\BIN\CategoryItem.cs","FF65034C04CF57A0F6DA3DB5C83FA93DD163117C44B58CEAC8BBD8A99CC03D6B"
"D:\Tool Revit\src\net8.0-windows\BIN\CategorySummaryItem.cs","F7C944F740A1D3C60774BD46CEF4F6A8B82F9C04A922E706998324E737D1289C"
"D:\Tool Revit\src\net8.0-windows\BIN\ChangeReferenceLevel.cs","31EA56F947667F16DDE7CB03BD1D20B25E47AF3EBE3422592F841783BFAD98DF"
"D:\Tool Revit\src\net8.0-windows\BIN\ChangeTargetItem.cs","6FF0A6E812135EC4916C85BCF1254A772490610DBAD06497CE41EDFCCAB80FCC"
"D:\Tool Revit\src\net8.0-windows\BIN\CheckAirTerminalCmd.cs","0659991793E1C9BB5817B48132E13C3A4A0B006A53FB26C9A6F61C15C3F7EA83"
"D:\Tool Revit\src\net8.0-windows\BIN\CheckAirTerminalHandler.cs","603E1FA44A66A1BD6EE2E7A50D143DDF0E99F36C2648730E69B6B9C66F3AB59D"
"D:\Tool Revit\src\net8.0-windows\BIN\CheckAirTerminalStorageUtil.cs","E5B7B19E04BB807E68C4738B926C602E110DA5329CD190660A54D34F19C13BAD"
"D:\Tool Revit\src\net8.0-windows\BIN\CheckAirTerminalWindow.cs","95D1B115F9F70E995EFF8D5A015BA167D8FA45E0B0091B162B6BC9DFD376E8C9"
"D:\Tool Revit\src\net8.0-windows\BIN\CheckConnectedPipeCmd.cs","41BD62FC54C6D7098971E1CD5D768CD772C51E8D44E10104B5D4B07F1E65904D"
"D:\Tool Revit\src\net8.0-windows\BIN\CheckConnectedPipeHandler.cs","645EC6FAB8E90487F76B316747C96075F18BB2A89F5245600A8E132A18829C4F"
"D:\Tool Revit\src\net8.0-windows\BIN\CheckConnectedPipeStorageUtil.cs","831CCCB30D518D352BB74022E09AB2FFB1B7D2B1384B64C3BAF1127F4160AC59"
"D:\Tool Revit\src\net8.0-windows\BIN\CheckConnectedPipeWindow.cs","93F15A699BD32AB49E134BF09032DBF1A0E9D060DD8BB66747BE411BF347978E"
"D:\Tool Revit\src\net8.0-windows\BIN\CheckPipeClashCmd.cs","4C839ECA6ED950D0355BD0BB66B930399ABD7F5ACF02CF5CC4584402E3EF80DA"
"D:\Tool Revit\src\net8.0-windows\BIN\CheckPipeClashWindow.cs","12ECECA8AFDAC2F7778F66826602CC3D51A7AFAFD8F8EBC18E7733E8E86424EF"
"D:\Tool Revit\src\net8.0-windows\BIN\CheckPipeFittingCmd.cs","D4E8709C2124BAD97263C539CEF6AA0417A51A9A7065066945D83CCB0DC2CA49"
"D:\Tool Revit\src\net8.0-windows\BIN\CheckPipeFittingHandler.cs","DF17EA95EF847AB1C1E11995D98CF8073E1354727ACC16EC492EF1BAF9963CCE"
"D:\Tool Revit\src\net8.0-windows\BIN\CheckPipeFittingStorageUtil.cs","D57B23570E7FEF2B88AB653638016ABD8C651C6629255826995F98CD5E37F471"
"D:\Tool Revit\src\net8.0-windows\BIN\CheckPipeFittingWindow.cs","51AEF221D5725C9ABD29A0EEF1C51065750524BBE6982B992AC3C25E6E8F8A20"
"D:\Tool Revit\src\net8.0-windows\BIN\CheckSprinklerCmd.cs","FE387468F7E8544F9CC6772B29C624E54A6BBB8F3A52CAF46FD6C5631B146539"
"D:\Tool Revit\src\net8.0-windows\BIN\CheckSprinklerHandler.cs","3420EF44EC0F8A57690A75DF7D7CF49B45D11B5AD281EBEC6325F38511D8424A"
"D:\Tool Revit\src\net8.0-windows\BIN\CheckSprinklerStorageUtil.cs","119FD328D5FAF5F43C56C089F458B2FFB59EF7FBB61F37754DE606FF4936A3F3"
"D:\Tool Revit\src\net8.0-windows\BIN\CheckSprinklerWindow.cs","1AC030D94E90DA98B2CFD9715B8C85B3632E8FC89B35E35151F5F9F2E2521617"
"D:\Tool Revit\src\net8.0-windows\BIN\CheckUndefinedPipeCmd.cs","670F58AF54BC3A2E09FC2B803D3C3392DA860F723C6840B3C3F55AEA39CA1271"
"D:\Tool Revit\src\net8.0-windows\BIN\CheckUndefinedPipeHandler.cs","581332C30B26D55105DCC1E750255FFA6042ED60B7EF08448AEC98088290789D"
"D:\Tool Revit\src\net8.0-windows\BIN\CheckUndefinedPipeStorageUtil.cs","545D42F04AE503A34887307B8C4E526A1DF805FC2A6DA84F47A54B49C2EE58B5"
"D:\Tool Revit\src\net8.0-windows\BIN\CheckUndefinedPipeWindow.cs","A75F0B3BEE29A6F6D52C0AAC1C1029DE6CC25E082578A815B9EF33E2A3BB69F2"
"D:\Tool Revit\src\net8.0-windows\BIN\ClashActionHandler.cs","98125179C96F3B45CDC0E4BD8B91A8ED46EBBBA7F40BEBF814D1DAD048D1F56F"
"D:\Tool Revit\src\net8.0-windows\BIN\ClashDetectiveCmd.cs","CCF5FFE177D5B390E3EAE44AD72F63E3BD89B2CF4EA77C608B0CD2D6E76E1E48"
"D:\Tool Revit\src\net8.0-windows\BIN\ClashDetectiveWindow.cs","F6A561712A8201F6B95AA1F8A9B1C31C72FBB0C386A5917F119BBFFDF4B57346"
"D:\Tool Revit\src\net8.0-windows\BIN\ClashGroupNode.cs","992F1EBD1388E7F444DAFDE5A60CF86E0B5F7C514A48DDCA1C25AA439743097A"
"D:\Tool Revit\src\net8.0-windows\BIN\ClashResultData.cs","F639F9D1146035572E07980C8B2BD584290751A87B725A0BFA206B9380A6BB4F"
"D:\Tool Revit\src\net8.0-windows\BIN\ClashStorageUtil.cs","39BD593F94B2DA836B94E1B7CA064632590AD1034CD8EF8D210D0A4B2DABB477"
"D:\Tool Revit\src\net8.0-windows\BIN\CommandDiagnostics.cs","82D8CF55DBA14E56CA09FA4C39B8D72A0D84D77A30BB342AF8E9F8EB8718CD29"
"D:\Tool Revit\src\net8.0-windows\BIN\CompareElementCommand.cs","88E703589B11C3B94588C8CD2664DA6C05B55D0679ADBE8FDE254BEE93AF5F23"
"D:\Tool Revit\src\net8.0-windows\BIN\CompareElementEventHandler.cs","B98051378DCF4A0795CDD9EDB6A7E628F6D33A624CF1D9136D6FC5FE2BDCA76D"
"D:\Tool Revit\src\net8.0-windows\BIN\CompareElementWindow.cs","8A0196F60C5801C70DBDDC26F228B70D5B76849D56A225C18A40933065A083D5"
"D:\Tool Revit\src\net8.0-windows\BIN\Compat.cs","B874F1C74F6B92F716EB520B009A66A13715B624AC117DCDCC1E482D610692CA"
"D:\Tool Revit\src\net8.0-windows\BIN\ConnectSprinklerFlexPipeCmd.cs","98D2C7C10AD0197C1F6672FCD44404E00AA8D1EE75E35499BBE40D80892405B5"
"D:\Tool Revit\src\net8.0-windows\BIN\ConnectSprinklerToPipe.cs","53E8A6CBCDF66B67F1DCC23A5D8083E990716490DFED379850C4218B16B800C2"
"D:\Tool Revit\src\net8.0-windows\BIN\ConnectSprinklerToPipeWindow.cs","FBF276F453CFC0ED0557E80251D11F87A12FC0FDAA99DE7A4FC9AC181962A7C2"
"D:\Tool Revit\src\net8.0-windows\BIN\ConnectTeeAndReducerWindow.cs","6D0D224CBA4ADC03C2B9CCCED8F6654C61FD3624CEB914C8D116DE98550E8307"
"D:\Tool Revit\src\net8.0-windows\BIN\ConnectTeeAndReducer_Groove.cs","ADFD2AB79BB45A20A665D2916232EA73231BF8265AC7EDA9AA9DD41A44121553"
"D:\Tool Revit\src\net8.0-windows\BIN\ConnectVentRiser.cs","6A06AC5165E7ACFEB838CF274A4F59E97183358B36966C87B76306303A2028AC"
"D:\Tool Revit\src\net8.0-windows\BIN\CopyFilterCmd.cs","6901E8B906D3420EF2F6CDF277FAE02590A16557FC9DB49D47557BDBDBBFFA98"
"D:\Tool Revit\src\net8.0-windows\BIN\CopyFilterHandler.cs","38159C0CBCA0EAAD0B3CFB5914A4DD72C56E0D0E9A97EA90FEEE15E200999DD0"
"D:\Tool Revit\src\net8.0-windows\BIN\CopyFilterViewItem.cs","068E57680C894C30E3742048B7F2952A3C2D812585C5234177CA7BA38C0E7CCF"
"D:\Tool Revit\src\net8.0-windows\BIN\CopyFilterWindow.cs","1D4FEA9EAC746CC2ECE3AB5108964CDFDDA790451A420224F62904AB1832BACD"
"D:\Tool Revit\src\net8.0-windows\BIN\CopyFromLinkCmd.cs","2BB60B7C38004CBA951D2CAF2CCD7978D960D37058236662BEA04E09E5A47BF1"
"D:\Tool Revit\src\net8.0-windows\BIN\CopySheet.cs","CE218E4C02ADD8E1550899E37DD9439E78FC3FA62BCD22D40B21829D75959290"
"D:\Tool Revit\src\net8.0-windows\BIN\CopySheetItem.cs","500ED66865E19A36B673E7FE9FC07AE627A2C01CC6FDA4D87590E25E244D1F60"
"D:\Tool Revit\src\net8.0-windows\BIN\CopySheetWindow.cs","412CD3014ADD3941CDB3B9F27EE6FBF2FAD9C54FFD0F05244074A2BB26D3AF98"
"D:\Tool Revit\src\net8.0-windows\BIN\CopyView.cs","B3661DD9371EF457F1FED7BAF87DC728029E76FEE2421A9C9B1CB8F29F3DE0D6"
"D:\Tool Revit\src\net8.0-windows\BIN\CopyViewWindow.cs","EC0662B10C1E0B9CFD4B26F5C3088654FD25B7C36CE3216EF1BB725A7F42AEE1"
"D:\Tool Revit\src\net8.0-windows\BIN\Create2Elbows45.cs","B135E7DF705387FEAE4560A1132A4273433BEB554827D0EBD4C1F98589EBC69F"
"D:\Tool Revit\src\net8.0-windows\BIN\CutMEPByLevel.cs","39291FD0CE54CACB719DA29C481BA671442FA0290BF88B5A09E3293E55E800AD"
"D:\Tool Revit\src\net8.0-windows\BIN\Delete2DElement.cs","54B1D82FB73EE96DA22548FC098B6D9FCB131B96065C7479E387CF140875F5FD"
"D:\Tool Revit\src\net8.0-windows\BIN\Delete2DElementWindow.cs","5EA14E721C0F506941436898B7124950837D3A529CB5E703B644EA797EA6976A"
"D:\Tool Revit\src\net8.0-windows\BIN\DeleteOrphanInsuCmd.cs","665AB8D53E391CCD55F2A7C5C01648F51930AB34DBA9D4C73B6CC1889D4125D4"
"D:\Tool Revit\src\net8.0-windows\BIN\DeleteSystemCmd.cs","2C0D0F41EA502882440C28B1729C2D5306BA70BC63D0BCB6177E93724669BB37"
"D:\Tool Revit\src\net8.0-windows\BIN\DevCommandProxy.cs","09ECA01CFFB5BCC6D42B5C09EBD5AC8FC7EA5D021D20DCC269321A343C40A70C"
"D:\Tool Revit\src\net8.0-windows\BIN\DisconnectCmd.cs","8C2425A9D8C80682A5729A92E31F5DC5610617B7AA8BEA3B3E2412EB2D65D99D"
"D:\Tool Revit\src\net8.0-windows\BIN\DrainagePipeOffsets.cs","1FA28037FCD051D512ED9286286D6CE4862BCBDA0F46EE978E28C99C67AA904C"
"D:\Tool Revit\src\net8.0-windows\BIN\DrainagePipeTypePickerWindow.cs","F5A817A1AD547C7AA9F11C86593D6D0924F4318B2BD08511AA8DB7A9BD0C170D"
"D:\Tool Revit\src\net8.0-windows\BIN\DrawCleanOut.cs","8A03DE753BC5A16CBA1D263F73AF11E788857B7F238B667DE5E95B66BEE5A21D"
"D:\Tool Revit\src\net8.0-windows\BIN\DrawCleanOutWindow.cs","ECF90DF4B5F937C11641F619F4ADC671860753260CCF82CA9CD4DFE3032C39F9"
"D:\Tool Revit\src\net8.0-windows\BIN\DrawDrainagePipeType1.cs","3195B61CF9A93FAE3CC1E2F3A4A8572B2E26B35162351DCB5692072550520D41"
"D:\Tool Revit\src\net8.0-windows\BIN\DrawDrainagePipeType2.cs","2D00BF7FFA8E08E8BC70AD4969A06EB8F6AB006F392CFD69C53F69CCBA7F1904"
"D:\Tool Revit\src\net8.0-windows\BIN\DrawDrainagePipeType3.cs","C216F37F7045953F95A8B0307A01EBA9F5D631E9BB8C3F1061D824E297269837"
"D:\Tool Revit\src\net8.0-windows\BIN\DrawDrainagePipeType4.cs","13894E516CBDC6E96CFA12BC37210FE2710B6F2BE57EA8ACF120B514CC1588F3"
"D:\Tool Revit\src\net8.0-windows\BIN\DrawDrainagePipeType5.cs","42F7F6742F294C4099350F5674EE6DE7B05CFB89543B1BEB4B3132900E83300D"
"D:\Tool Revit\src\net8.0-windows\BIN\DrawDrainagePipeType6.cs","1E60BE4946B438B31BD7A6398B1E6A6D2B441E942E76E0226110EFD45544E9C8"
"D:\Tool Revit\src\net8.0-windows\BIN\DrawDrainagePipe_AllTypes.cs","8D1C3F9E815091D2015B5AFC4F7E9E7F9E8BD9EA7F7ADF8FB9120A4B8F844223"
"D:\Tool Revit\src\net8.0-windows\BIN\DrawMultiPipe.cs","C3342AF978105F5E54E8A9CBFB5AA592ECBFF4B1936E54BBA26E99B9E75507C3"
"D:\Tool Revit\src\net8.0-windows\BIN\DuctOffsetUltils.cs","72003C1CCEAA87A470808FD8C95EFA6D29377DB176D9294EFD0D4BAE2939BD51"
"D:\Tool Revit\src\net8.0-windows\BIN\DuctThicknessRule.cs","6FC617880C6A20651D4D9CBB8C56C1E725A962256B74E56AF3454BA4847B788B"
"D:\Tool Revit\src\net8.0-windows\BIN\ElbowDirection.cs","C316D1E5A7B92B42315253C28E39BE89E15BB02B60159A5B4B8191E3FE1F30E9"
"D:\Tool Revit\src\net8.0-windows\BIN\ElbowDown45Cmd.cs","C638F78639AAE6457BFD4FA4D99F2787363A0E554AF2196CC6DFAA298A23CB92"
"D:\Tool Revit\src\net8.0-windows\BIN\ElbowDownCmd.cs","8B6170D4852EB1D7DA25CC17B0C698002C7B8F86E5286FDC9DD522F0B058C883"
"D:\Tool Revit\src\net8.0-windows\BIN\ElbowHelper.cs","75E66C20ADD48B8CA6241C6C9D1FD0DAE94DAB6D6A6C59F35CCA860D66298040"
"D:\Tool Revit\src\net8.0-windows\BIN\ElbowLeft45Cmd.cs","4DC3B13EB7E73E1923EDA80A34FD7DF16809BB48E233B94ABA55FEDBE4DC4302"
"D:\Tool Revit\src\net8.0-windows\BIN\ElbowLeftCmd.cs","7EEEF2F3D510E640E8B9AFB6807848437C236901A027C02DD19DED1B37967540"
"D:\Tool Revit\src\net8.0-windows\BIN\ElbowRight45Cmd.cs","45E75D620DE59958AAB5C7CB0D077B72B6E56D843701475ED89830B9877A9AC8"
"D:\Tool Revit\src\net8.0-windows\BIN\ElbowRightCmd.cs","CFB82D3407C594B784AF95C43D98E7538306D9E5F6D3A91CFF150816652703DE"
"D:\Tool Revit\src\net8.0-windows\BIN\ElbowUp45Cmd.cs","3EE7F2A93EEF791625A321F9F442293B46656B214AA95A64E2590FD77A387602"
"D:\Tool Revit\src\net8.0-windows\BIN\ElbowUpCmd.cs","10EC7727CBACCB9F62D5AEA774930C5E3005F6A0882329B202AE1237EA55274A"
"D:\Tool Revit\src\net8.0-windows\BIN\ElementIdHelper.cs","0A6C16EF5363511412BAAD522AEB93A36B0CA0DFFDE587DC3BE32A9BD83CD991"
"D:\Tool Revit\src\net8.0-windows\BIN\EmbeddedBamlLoader.cs","ED5A9CA4AE2E785680C13D8119B54E0DADAC87CE74004C75C2F78E16E58AB0C4"
"D:\Tool Revit\src\net8.0-windows\BIN\ExcelExporter.cs","D7DAC7658403A8C1C4D4BC0A08C64B72D5E82EDE8300496F5C97DC55CA3AF8BE"
"D:\Tool Revit\src\net8.0-windows\BIN\ExportFamily.cs","B4B5E22F43ED991B0DC266F12FC3D7BDA2D5A77001D20B80046C61469687ECFE"
"D:\Tool Revit\src\net8.0-windows\BIN\ExportFamilyWindow.cs","975947F548D8F334A6E435AEBC9A3CB199A5921877555ECF126BD57DA9382E1D"
"D:\Tool Revit\src\net8.0-windows\BIN\ExportScheduleToExcel.cs","229A1B735880A692D47CCA8BAEE6168A91768DBAF0F38A25F376F9B9CCBE9B41"
"D:\Tool Revit\src\net8.0-windows\BIN\FamilyInstanceSelectionFilter.cs","281A26877B474450897908F3DED43FAFE4B440BB0005F50862CCE20759788A82"
"D:\Tool Revit\src\net8.0-windows\BIN\FamilyTreeNode.cs","B2EE665F87EA0B1BC1A465012C2479A5E51E6CF52795BCD97310556945E8BA1A"
"D:\Tool Revit\src\net8.0-windows\BIN\FamilyTypeNode.cs","0CB1204273157DE77C231417C340EABF0E56FD39166CE45A826C261E8BBBB8A4"
"D:\Tool Revit\src\net8.0-windows\BIN\FilterBloom.cs","A0D4ECBEA108AB6182AB4F471B848D3DD0D298C494A34B47CC78395A3DB3968F"
"D:\Tool Revit\src\net8.0-windows\BIN\FilterItem.cs","0BA4FE53B29CE6AA9F41C6004A24A334CE83084FD2F4704B125706E5DF0C9FDA"
"D:\Tool Revit\src\net8.0-windows\BIN\FilterPipe.cs","DEE00A0A5F76C5EB5B7555C81E4628BCA8CBECF81ED072851F1EEFB797927989"
"D:\Tool Revit\src\net8.0-windows\BIN\FlangeSelectionFilter.cs","F324C8C3D607B4B75E8D0DF2117E16345FF07354C0E7A2B85209DC4BA33319CF"
"D:\Tool Revit\src\net8.0-windows\BIN\FlexBranchMulti.cs","23668C94537662C4A29C6466600C17A68FB68C856A75FF74377ACE28A5D767F5"
"D:\Tool Revit\src\net8.0-windows\BIN\FlexDuctAvoidMepCmd.cs","A1EB1C840369AABDC17CBF58874EB1BADDEE388543F34FBE25C66738610E8EA9"
"D:\Tool Revit\src\net8.0-windows\BIN\FlexPipeDiagnostics.cs","A2A511345088BD7FAD13D2A328F92C6C1AAC191920871B60C4F83CF7314154FA"
"D:\Tool Revit\src\net8.0-windows\BIN\GetIdCmd.cs","672E715610295935FAC2483CA983C3627AF869D15B9711C71D2785BE7F15CA65"
"D:\Tool Revit\src\net8.0-windows\BIN\GetIdWindow.cs","A2BEBCAFCA44AF8005137297E2EAC71A170101A35CE5AC630815E47F8C67E1DB"
"D:\Tool Revit\src\net8.0-windows\BIN\HotReloadFlexPipeCmd.cs","54E28EE52C24CCC4CE882F3E1F6A50E61F8EE166D15E681AF99F3392365D98C9"
"D:\Tool Revit\src\net8.0-windows\BIN\HotReloadFlexPipeMultiCmd.cs","49F8DCFD096CDA9D517104887851885D4E4DA3114933CD7736063BAB2FBE858D"
"D:\Tool Revit\src\net8.0-windows\BIN\HotReloadPlaceFamilyCmd.cs","BF2BC64CF0107109C83DCF4E91A15D11081AECF3007C4D632B69D176881B7D72"
"D:\Tool Revit\src\net8.0-windows\BIN\IgnoreWarningsPreprocessor.cs","44905535789C3D6777A8EF03FA305EEF5330DE9528684F75DC30BE20CB58F98F"
"D:\Tool Revit\src\net8.0-windows\BIN\InputLengthWindow.cs","E5718931C9D0ECB4CB72058C915FFB764D0CF06B122711CF8EC4288B783C5905"
"D:\Tool Revit\src\net8.0-windows\BIN\InsulationTypeItem.cs","FC3085B6988BC644F805C1A16416DE2D89227F4445DFFD8BB5063E00F6665214"
"D:\Tool Revit\src\net8.0-windows\BIN\Join2Elbows.cs","8652B39276707F183E3470F1E6CB4CE60C74AB72ED7C91BB5BC6364B45B17077"
"D:\Tool Revit\src\net8.0-windows\BIN\LabelItem.cs","AD21EDB111D1749A19F1AE5C58C40CDFCB19D1A6DE81A8E19A5F43928E3C439E"
"D:\Tool Revit\src\net8.0-windows\BIN\LevelItem.cs","D0C332E5712D3D0A42C47EE74366F6F971DA1ACA0B784671E69B1C5DE6CB137E"
"D:\Tool Revit\src\net8.0-windows\BIN\LinkedFloorFilter.cs","66538F86A11D7CDC33DA390FC0318D6B1CF963AF412E34A5E74A7A102E7660F2"
"D:\Tool Revit\src\net8.0-windows\BIN\LinkedFloorSelectionFilter.cs","B62A7BF9B174AD7A6D28E848A345B74D7A29CBA5419119A7EFD8987B7965C88C"
"D:\Tool Revit\src\net8.0-windows\BIN\LinkInstanceFilter.cs","9292370C5C00574E4AB1EAD6B5C5E898D0986F07504B7888D3473F727F0667B7"
"D:\Tool Revit\src\net8.0-windows\BIN\LinkInstanceFilterSelector.cs","62A09360AF74491B5042B136829B3FBB812E24C2BE371C3AD15889C84C6384B5"
"D:\Tool Revit\src\net8.0-windows\BIN\LinkSelectionFilter.cs","53872E31F63DA7424CF517B140C7734F29F636037350E567E56AD64B507B4F91"
"D:\Tool Revit\src\net8.0-windows\BIN\MainWindow.cs","052FD71BD0C0B059F772CD67F6193A889C0D545B1AB12C4C512778B0AF445106"
"D:\Tool Revit\src\net8.0-windows\BIN\ManageGridLevel.cs","2F1B2D310B808617943730F7F80D41AB2B025490EF9DF3039652CE7DB1817240"
"D:\Tool Revit\src\net8.0-windows\BIN\ManageGridLevelWindow.cs","6DC67F31702B94B70B7C46BB09C7417C95C06A63719E8E7D8CF13C26E9E5307D"
"D:\Tool Revit\src\net8.0-windows\BIN\MEPCategoryItem.cs","12DD21F0167BE73BDE13BB5E2F44A481346665929EA50625157C4E6F48CD1410"
"D:\Tool Revit\src\net8.0-windows\BIN\MepConnectableNewFilter.cs","2BBE187C0299F0F5BA80BA1FE25D6944B1D824BA985E02F2D0115512476C451D"
"D:\Tool Revit\src\net8.0-windows\BIN\MepConnectableNoFabFilter.cs","47D7692B4DB497457F5170ADF2AECA2A73BCD5BDB15F03D5180B7F9A1A6BE8CD"
"D:\Tool Revit\src\net8.0-windows\BIN\MepCurveFilter.cs","82A659D7DBB323F2CB62D24A5BD57E535C0E2CA118F1262CB657FA63DC5F42B6"
"D:\Tool Revit\src\net8.0-windows\BIN\MEPCurveSelectionFilter.cs","1B57654D4EB183DEA89EA5192BE78041FE4789CDD3107686646A3573DE31A8A5"
"D:\Tool Revit\src\net8.0-windows\BIN\MEPLevelChangerHandler.cs","43FAF4197664BA044BD434CAA005E59F7497656021A2E39159F30779D0779F88"
"D:\Tool Revit\src\net8.0-windows\BIN\MEPLevelChangerView.cs","4C0C3BC8B23458E6F7952C1209B97D0CDC7A11CEE168DE32F1437D0CC676D1F7"
"D:\Tool Revit\src\net8.0-windows\BIN\MEPLevelChangerViewModel.cs","0ACBC7C0C0699499C36FDB7FEFD7F4186B8E773246BB7831E8411851B1190045"
"D:\Tool Revit\src\net8.0-windows\BIN\MEPLibrary.cs","69F61CB605EB1BB0E7CF062AB2E5014B9CD0F06312DB533C09CC2B4085D825F1"
"D:\Tool Revit\src\net8.0-windows\BIN\MEPOffset.cs","52E6976AACD031A3579162292119D6BAFB978BB87366AB82E160531F69A63548"
"D:\Tool Revit\src\net8.0-windows\BIN\MEPOffsetWindow.cs","2ED15B88D4F63F1EBBEB3BB45FEA322FD6846EF536449109C43DB444913B20F2"
"D:\Tool Revit\src\net8.0-windows\BIN\MicroSmokeTest.cs","908B7E107C58C4D18067F50E72E9D16C5CC706C1524390D1598C5EF53A42B744"
"D:\Tool Revit\src\net8.0-windows\BIN\MoveConnectCmd.cs","E071D8576EBEFB607C93FF3942D8507FEE46CEC931A0404F14B9D0D39F2579FB"
"D:\Tool Revit\src\net8.0-windows\BIN\MoveSupportCmd.cs","D3FF8880389AD150EA16C537900F733355F64DC3E2A38C8CCED5C78FBA021C7E"
"D:\Tool Revit\src\net8.0-windows\BIN\MultiPipeSupportWindow.cs","BAFC1658744522CD63A2BD7DE2DA2F669D69EF0A469B074BFDCFC1224C0990F8"
"D:\Tool Revit\src\net8.0-windows\BIN\NaviateHelper.cs","3E9840972DC1AACB5AA33FD5F5C883F616BA525F25D5500E51020B7E22E7D637"
"D:\Tool Revit\src\net8.0-windows\BIN\OptimizePipeSegments.cs","655E80B06742C8134840BA6450A4D045BDF715A6E59C2A16269F99FCC37284F4"
"D:\Tool Revit\src\net8.0-windows\BIN\Panel.cs","3996BEADB1E0535F00942F089941E9E48F53278E5730299CD3A77ADED532845D"
"D:\Tool Revit\src\net8.0-windows\BIN\PictureItem.cs","B0C5264245885EFD685B9412DB1197DC569EB7C508C2A6827CD5038C7ADA6D54"
"D:\Tool Revit\src\net8.0-windows\BIN\PipeClashGeometry.cs","7C4302FFA1DECAD0EB0C9BFB54F523D1452F9D4DB7E6944B69FB096200E5F82E"
"D:\Tool Revit\src\net8.0-windows\BIN\PipeFilter.cs","603B4712C44F24BEB0EE038E4D3A7357E4319697F802058FE14E5C5BB6407DE6"
"D:\Tool Revit\src\net8.0-windows\BIN\PipeInsulationCmd.cs","D18489AADCF2B2C1B2C8C26AA498317FDCB0EDBA66BDA720EF02DE5422D1FDEC"
"D:\Tool Revit\src\net8.0-windows\BIN\PipeInsulationRules.cs","09A5893B3E2B565D3F04BE0A6CBC8178D9386037E331C8A9DE3CD3DE322A3B2C"
"D:\Tool Revit\src\net8.0-windows\BIN\PipeInsulationWindow.cs","98D3FD2F7B9AAED0AE989F3D444060B3A20778C0B0C47300CA2328536252B137"
"D:\Tool Revit\src\net8.0-windows\BIN\PipeOffsetUtils.cs","AEE8F885B95789312C2F3326277D80185B22EE6227E0EF01D73B6617182244C6"
"D:\Tool Revit\src\net8.0-windows\BIN\PipeSelectionFilter.cs","0220DA4FB51F9669976E0C47E55F40A23850785E33C27C40789CCED40BFDE221"
"D:\Tool Revit\src\net8.0-windows\BIN\PipeSystemTypeItem.cs","B9C10327E9B3B4E0ECF4D79DB845D3B1617579984E2C00BDE88B59AC6CDC8350"
"D:\Tool Revit\src\net8.0-windows\BIN\PlaceFamily.cs","A18571A64F7F30871BBD87EF5A049B12400F6B308584B1819716B3EC9AA44B00"
"D:\Tool Revit\src\net8.0-windows\BIN\PlaceFamilyUtils.cs","5097B790AE80A1B5ED1B948EDF7B3AC933A76CC08EC12C96C8C5B740B6BAA7D5"
"D:\Tool Revit\src\net8.0-windows\BIN\PlaceFamilyWindow.cs","6DEF48766F44C056D15ECF148693684F27DA18A34409C123407BF114E2969438"
"D:\Tool Revit\src\net8.0-windows\BIN\PlaceMultiPipeSupport.cs","68F804113B9AEB2582AB0CA36956870C424462F7A5D2558C6734B1B80D2EE0EE"
"D:\Tool Revit\src\net8.0-windows\BIN\PlaceSupport.cs","E561440F4A6C71B75A7794E1730EAEC73B1B4464D23842C80B3A8B92E417BE54"
"D:\Tool Revit\src\net8.0-windows\BIN\PlaceSupportWindow.cs","35E2F4C092D385AEF7BD58C17356B787BD0FD701A05F915A7891785FCA21D522"
"D:\Tool Revit\src\net8.0-windows\BIN\ProcessbarView.cs","4383EDDBE2CE09C0DA41C2FF07006BF57EE81A6ECACAE2DA604A6BB57DE8F0CE"
"D:\Tool Revit\src\net8.0-windows\BIN\ProgressBarView.cs","8E53960AEF5B50EB62F533598DF9844BCFC9A07BC4937DABD5E6BE27571730B9"
"D:\Tool Revit\src\net8.0-windows\BIN\PromptWindow.cs","8C7A1D5E9223B2C74BA5B06B6C56EFF9E413A435B9CC2513C9D5D902C6C457A2"
"D:\Tool Revit\src\net8.0-windows\BIN\ReducerSelectFilter.cs","1785B4BC43401A9A68FD322DCD62454F4AE9305E803462106BC5BA02DC300BA3"
"D:\Tool Revit\src\net8.0-windows\BIN\RelayCommand.cs","1C04B2D160D5E8C88D3F3BC6D697C403D0A57E9A3DB86BF7161E00D91D9F3FC5"
"D:\Tool Revit\src\net8.0-windows\BIN\RemovePipeCoupling.cs","C01ACAD822AA953B66A2051629D1B3509E0C7B416441C8D69E2D079C8E2CC6B4"
"D:\Tool Revit\src\net8.0-windows\BIN\RemovePipeCouplingWindow.cs","E3418614A7778C4F67D7BCB23C1389A79CACFA703C67CF634ED3309FAD46ADA7"
"D:\Tool Revit\src\net8.0-windows\BIN\Rename2DElement.cs","C61A665874BA3F9403AEEEB4C2ADFCD25B9B0CC36BAE81BAE086C427EB195EE5"
"D:\Tool Revit\src\net8.0-windows\BIN\RenameElementWindow.cs","036060ED59A3197C945BC47DFFEA54BA33F05236C3F8A4B9498A08BAF3CE2692"
"D:\Tool Revit\src\net8.0-windows\BIN\RenameItem.cs","5D62F9938CE11213737E204A43B5B94790420C1B172CC46D9F065512C9A914F6"
"D:\Tool Revit\src\net8.0-windows\BIN\RenameResultData.cs","F99AE74831C80C4CE46A1D758DA39210B341D971C5B197AD666D76EFBFA9E297"
"D:\Tool Revit\src\net8.0-windows\BIN\ReplacePipeWithNipple.cs","DF8A702EA2D570653F67B2C7BCDB1EF2E5FB17998C37B1415ABC968A2F523834"
"D:\Tool Revit\src\net8.0-windows\BIN\RevitMcpServer.cs","E858D167C458684C9067F761C169CDCA9B1FAB2A0AF2689732118C22CAE9A53D"
"D:\Tool Revit\src\net8.0-windows\BIN\RotateElementsCmd.cs","A53A591895E16B40382FDAE5A4C68E6DD470EA9B5F4CA65D4E385196744BAE9C"
"D:\Tool Revit\src\net8.0-windows\BIN\RotateElementsHandler.cs","1BFE6EF1FFF495980CAB566215F38581F5A64428A314F3C359E83C79631AA5FE"
"D:\Tool Revit\src\net8.0-windows\BIN\RotateElementsWindow.cs","117D9AD496783D2E5EE0181BC28B9914E800F2B793FDC7E655B24129BDFD2908"
"D:\Tool Revit\src\net8.0-windows\BIN\RotateFamilyInstance.cs","2ECA92801E96B2ECC78F4EAD259CED6A335E6AF3B3B852BA2B869AA97B03E4BD"
"D:\Tool Revit\src\net8.0-windows\BIN\RotateFamilyInstanceWindow.cs","209505DD966BF1427856103E3C123E916036856B11C23DD3A6FAAF1716D31232"
"D:\Tool Revit\src\net8.0-windows\BIN\RotateMultiCmd.cs","810296C0CF1BDD36D9DE332BFFCBA0F40C925AA3BA0700444251D0739B59B072"
"D:\Tool Revit\src\net8.0-windows\BIN\ScheduleNode.cs","06A4A6B4C0D2CA21BA36A8707D3E8D393A85221EA011251FF90F47CA1B8DBF2C"
"D:\Tool Revit\src\net8.0-windows\BIN\SectionSelectionFilter.cs","B6EE71ACFEDE8A87F03985977884F0394159946D469348BC71C36B45BA7A6699"
"D:\Tool Revit\src\net8.0-windows\BIN\SelectableElement.cs","806282FFB200FF5F8215E53D508A8348ECA28E94B9B5EDAD698A14AA8865656C"
"D:\Tool Revit\src\net8.0-windows\BIN\SelectByParameterCommand.cs","A6F207F866DEC62322E8F2BC3E8A179031B94486867A3ADCF5E493A2E74DEEB2"
"D:\Tool Revit\src\net8.0-windows\BIN\SelectCableTray.cs","AB008A294E70998EACB7242113D92F12B0E632C8564A772A11C5A8FC0C23893C"
"D:\Tool Revit\src\net8.0-windows\BIN\SelectCableTrays.cs","699ADC84248C166E811B443439DDD039F037767281D927903FB2E5FDE69C4C94"
"D:\Tool Revit\src\net8.0-windows\BIN\SelectCadLink.cs","4F1C4BB08EC9C6E2DDA327D986D76B556498A788789FB71B79DCCD9A7A3B9099"
"D:\Tool Revit\src\net8.0-windows\BIN\SelectConduit.cs","B6CEB0F4CDB985930ADE9E2377138C3B7B899244B816A3F2918AEB3772040ECD"
"D:\Tool Revit\src\net8.0-windows\BIN\SelectDucts.cs","12A6B2632F6645D7EB8EBFAA66EDFDD555525D5E2ECA423FE200637BCBF11C41"
"D:\Tool Revit\src\net8.0-windows\BIN\SelectedPipe.cs","5452EF7326479FA2D04E058EEE1F62EA48499980F030EBE82A4EBB01F37AEEF0"
"D:\Tool Revit\src\net8.0-windows\BIN\SelectElement.cs","5D4F25FCE1DB4D9E91277853EBD484F1556F408915D789B2ECA4B00460D12698"
"D:\Tool Revit\src\net8.0-windows\BIN\SelectElementEventHandler.cs","CA23946DCE96DEC2E03D58F07FFF4E05CD3CC5DDC180D0C1A8AEEFEDCCB807CB"
"D:\Tool Revit\src\net8.0-windows\BIN\SelectElementWindow.cs","152104FA0B6216C3F21665081D62619F08D9922F171AEE67BB776699A0DF0A15"
"D:\Tool Revit\src\net8.0-windows\BIN\SelectFamily.cs","4D97CF30017CF27889BE375E5FDF089252AD6AC574445941083E8B65B9A18368"
"D:\Tool Revit\src\net8.0-windows\BIN\SelectFamilyWindow.cs","C8F93B8A79895F61C861F2815866439132C16853B05EB229C769681A571453AC"
"D:\Tool Revit\src\net8.0-windows\BIN\SelectFloor.cs","2233E56D2B6785CC004490BB38598240937FB5099D3EE201CF0EB09F83C98807"
"D:\Tool Revit\src\net8.0-windows\BIN\SelectGrids.cs","B61A76BB761785BB4C70F7B0D1AE4FDAAC37B2A670D536A21E08DF65FC278790"
"D:\Tool Revit\src\net8.0-windows\BIN\SelectHorizontalDucts.cs","0603787AE8E49CC1748C71B69DA79A42373C8750C1082AD69788F8CF087981AD"
"D:\Tool Revit\src\net8.0-windows\BIN\SelectLevels.cs","8C1828355D8157862FB1C509305F5F0427A4BE3B56D5725E81D7271F99C95449"
"D:\Tool Revit\src\net8.0-windows\BIN\SelectPipe.cs","4F7722668EAA4596474291008A1E9E526AA2B7C1D85CD48878A49398DCBB82AF"
"D:\Tool Revit\src\net8.0-windows\BIN\SelectPipes.cs","10C44E89259E1304FB81FE3C2C30F6EFBA02BD19625CB86A8831AEB37DC243C7"
"D:\Tool Revit\src\net8.0-windows\BIN\SelectRevitLink.cs","A4B3A5B425E24A4E7CF549C884B593B3C65020712213B411C78D7F487D21581B"
"D:\Tool Revit\src\net8.0-windows\BIN\SelectRoundDuct.cs","C81C1D95E94E6975330F44E6A8E82118494B6013DF88005B8BB169C4EA82C1F4"
"D:\Tool Revit\src\net8.0-windows\BIN\SelectSprinklers.cs","C4C49F71D904C52909169803913B6FEF09646A07C25ADCBA3D1B0B11E320646F"
"D:\Tool Revit\src\net8.0-windows\BIN\SheetFromExcel.cs","47F98C7330BCA715C9CCE2F0C93EBF2E14A72B7838559BEB066278B209AD81EA"
"D:\Tool Revit\src\net8.0-windows\BIN\SheetItem.cs","AB695B74B9B37B6D30DD8962A9FEDE8DB1EBDDD996D7C53469634DA97C73D983"
"D:\Tool Revit\src\net8.0-windows\BIN\SimpleLogger.cs","F8BFF8034C396AB908DCB968F9986E87CE4B0A6ADA1E46B18FEEFCC0E339597B"
"D:\Tool Revit\src\net8.0-windows\BIN\SplitDuctCmd.cs","1464B8C1EB54BA6EB2B3B3C7EC32EA884281AAF413E90D026D1E015544CC6C15"
"D:\Tool Revit\src\net8.0-windows\BIN\SplitDuctWindow.cs","058E6FBAE7A0D906B202223E2202176D257FA991946C1BBAD5D0A1FFA93FC9BD"
"D:\Tool Revit\src\net8.0-windows\BIN\SprinklerFlipper.cs","53D47C8172DBF94BD00C4672937BD8C7026CAC3D7D49C54672203091B7F60B92"
"D:\Tool Revit\src\net8.0-windows\BIN\SprinklerFlipperLogic.cs","49775DEA7807014F035C2086D635495112A0607A32B789F8F98146524FE0751D"
"D:\Tool Revit\src\net8.0-windows\BIN\SprinklerSelectedFilter.cs","2F674C4122004ED94679FAC1F93F8D19737009891EB1B0E6ED33B8352A18E3D2"
"D:\Tool Revit\src\net8.0-windows\BIN\SprinklerSelectFilter.cs","13FE8144942A7CEECE87D9FBE41BF42BDF5E0B1D3D32DB66074DA939084FB6B9"
"D:\Tool Revit\src\net8.0-windows\BIN\SprinklerSelectionFilter.cs","9B8F97D1D6E87E3675E33155A6B2DCDFCF20D23ACC0BBEBF18A850B429F3A1C4"
"D:\Tool Revit\src\net8.0-windows\BIN\SprinklerSelectionWindow.cs","6965D4DE4415764A4436DA26106B76939C81F7ECCFAD454885021D139AF806BC"
"D:\Tool Revit\src\net8.0-windows\BIN\SprinklerShortenerVerticalPipe.cs","EB63DFB59D07E3B3067F4A05AC27CBD36575150919D5807B3DB38C134511CA72"
"D:\Tool Revit\src\net8.0-windows\BIN\SupportLogItem.cs","0352C6AE47F0198D5C17F75957D0F7B37123CBB43D658E3812FF764A9E4A21D9"
"D:\Tool Revit\src\net8.0-windows\BIN\SupportTypeItem.cs","B059452B882C5F92199D9FCFA43545E894EF2DF6A316C5D2FD35B604BDBA1A77"
"D:\Tool Revit\src\net8.0-windows\BIN\SystemCompareItem.cs","13ABC0DEE839190C8BA119567913234B573353BA70CDA0D8AB2E00CECC919F17"
"D:\Tool Revit\src\net8.0-windows\BIN\SystemTypeItem.cs","DEF31462719B95DDBC93A6C425C8CD9E7E2B574674966BE94243B70D122A8610"
"D:\Tool Revit\src\net8.0-windows\BIN\ThicknessEntry.cs","FBFF1AFD60C476DFB4A5DBC24E5B6D0D7371BDB89A92EEF7495C277996680310"
"D:\Tool Revit\src\net8.0-windows\BIN\ThreeDAlignCmd.cs","8092CE27EC44D414DA350123E20404D8D6D5C0E97D2B8F7FDDDAA55BF2B77DD8"
"D:\Tool Revit\src\net8.0-windows\BIN\ToggleInsulation.cs","98210C023C72C1AF0689E6D2F9342C959CE37422A96BBAAC1FFE450555D132EE"
"D:\Tool Revit\src\net8.0-windows\BIN\ToggleInsulationWindow.cs","1E9F3001F0C14B2AAF9329A28720FE493EAD8E0AA96C99CCB69F311BF531547A"
"D:\Tool Revit\src\net8.0-windows\BIN\ToggleSectionHeadCmd.cs","56E538B7A0248F0B80820CCBCA35C7BF3C1DD6D245813461B64E41E72A3DA15E"
"D:\Tool Revit\src\net8.0-windows\BIN\ToggleSectionWindow.cs","4308146B5F0CCD69C76E9E9BFCE70759A2A1D59CBCE2D4949B39F11700D4071B"
"D:\Tool Revit\src\net8.0-windows\BIN\TransferDocument.cs","553BFCF6361CD1E692FF381338C168B94EE9BCDAB5B230105CF6304079E4A899"
"D:\Tool Revit\src\net8.0-windows\BIN\TransferDocumentDuplicateTypesHandler.cs","4A1C242D07D2CAD84FBB72F504278DF09A03725EF393CDCB358AB2AE9503474E"
"D:\Tool Revit\src\net8.0-windows\BIN\TransferDocumentItem.cs","1BEF9119449498BAA96D4D7BD301839C69ECB834CF0BF5036BFBA3F5FE34C0C3"
"D:\Tool Revit\src\net8.0-windows\BIN\TransferDocumentType.cs","C93E50AA7546DDD4CBC597353A544E984E1CCC8DD7196F76DAD60AD1FADE346E"
"D:\Tool Revit\src\net8.0-windows\BIN\TransferDocumentWindow.cs","46AA34C7D9C7001BB991B47B1D753E2056ECDB5C1980E5E69EAEAA90F1AC81BC"
"D:\Tool Revit\src\net8.0-windows\BIN\TransferToReducingElbow.cs","B8626E64D06508900AC43E1222A044D8A9F0D767D2396F48D1BF39BE7F0DE46F"
"D:\Tool Revit\src\net8.0-windows\BIN\TransferToReducingElbowWindow.cs","CC968C8B6F580B553EFD59774F227223F323A243FA77E70D29C35CEABFA33FB3"
"D:\Tool Revit\src\net8.0-windows\BIN\Trim3DCmd.cs","C53619F2719FAB312F87D5EC60D24CB63FA4F0545900BCC5C2747E0CF84ED6E6"
"D:\Tool Revit\src\net8.0-windows\BIN\Trim3DPipeFilter.cs","DD3A7D38C1464A6C94080BFA2B081D9C7FD9E3EF23D98986A73245DB7CEEAF62"
"D:\Tool Revit\src\net8.0-windows\BIN\TurnDrainagePipe.cs","820F6F4679DF3CF4CB4CCCB6729FA07D159A38E3C2DCD6DBF0512FA26029FDF5"
"D:\Tool Revit\src\net8.0-windows\BIN\TurnDrainagePipeWindow.cs","5302C45C43FB8D5B496154B33C1101C2CA7B8C51792F02A05D85512AB1355156"
"D:\Tool Revit\src\net8.0-windows\BIN\TurnMEP.cs","843E0A778B5BC96598B140695BF7E388F7271B14D6172BCEE35D97BAE0CA6893"
"D:\Tool Revit\src\net8.0-windows\BIN\TurnMEPWindow.cs","FCC4A7A9DD59B76D195179B295177521EF102551E4A80CFF296DE6D978022298"
"D:\Tool Revit\src\net8.0-windows\BIN\UnconnectedFittingData.cs","CBC0C0BF7336AF56CC78A44326FCABF6C2769F4DBCE9C860A22152A12E4678D5"
"D:\Tool Revit\src\net8.0-windows\BIN\UnconnectedPipeData.cs","59A1365D9113D6ABE50C94FA9CFA4F4FAD153C5AF5953BD59B7BE7827611D930"
"D:\Tool Revit\src\net8.0-windows\BIN\UnconnectedSprinklerData.cs","DFDE0CE9CAD2B85AF9772A5BFDF580C8FAA0EABEC2E945316620F68EA1832780"
"D:\Tool Revit\src\net8.0-windows\BIN\UnconnectedTerminalData.cs","93D271BB6FB974A75E3572DBD1B8CB3B4648B87CF30905463784D90CF2626DD9"
"D:\Tool Revit\src\net8.0-windows\BIN\UndefinedPipeData.cs","C3E1ACEE028542664E560F9886F18CF43796F59C61C8E851B09DC7C5750856DE"
"D:\Tool Revit\src\net8.0-windows\BIN\ViewItem.cs","0B361726325D4B1F3B5A56D0DD927E203E27B9EB0FC42769A6DD8A055A7F0C11"
"D:\Tool Revit\src\net8.0-windows\BIN\Common\Mvvm\BaseViewModel.cs","E8F681B61C49ED77C0B63B1C332D87CBF8F4613330C9CFF04A4902CC7696C98E"
"D:\Tool Revit\src\net8.0-windows\BIN\Common\Mvvm\SBP_RelayCommand.cs","ACE21AEE23915563456919E0842F5390C5C0A8E6B54124FE420B58E0214B61FC"
"D:\Tool Revit\src\net8.0-windows\BIN\Common\Revit\DeleteWarningSuper.cs","F659E015DF749D1437C05BA68C44489A627AE05522C6C6A0F2CBDF8D8CC88C61"
"D:\Tool Revit\src\net8.0-windows\BIN\Common\Revit\RevitApiHandler.cs","9C570EC5D988DA7844EB84D9C690828E30B12F2FAC50474F97EE96A24FD8BF74"
"D:\Tool Revit\src\net8.0-windows\BIN\Common\Revit\WarningRecorder.cs","F3E486558F46EE6D2D23F6AD52AEA58FB576AB9A2783DB27E0BAC6F72343C5F8"
"D:\Tool Revit\src\net8.0-windows\BIN\Common\Revit\Selection\ColumnWallSelectionFilter.cs","EF9C360544A1B424105FEA6ACBD021D17DA2C59F666ABBBC4F38F5EDDD7549F7"
"D:\Tool Revit\src\net8.0-windows\BIN\Common\Revit\Selection\RoomSelectionFilter.cs","281AF1B317C8C6CD5A6FD6A0664266A56397874F65F8C9E1640E666E6B9B9C4F"
"D:\Tool Revit\src\net8.0-windows\BIN\Common\Revit\Selection\WallSelectionFilter.cs","EDA09B3CACF7CE7AC5F5482F127FA59B8F880FE26537A340B0ABD9317F205189"
"D:\Tool Revit\src\net8.0-windows\BIN\Common\UI\BooleanInverter.cs","B976F1F2C7D8EA6B52D30DCBCD3CF8E104D014DBB159DA0B2FD6981DAABEC31F"
"D:\Tool Revit\src\net8.0-windows\BIN\Common\UI\ProgressBarView.cs","D98C0F79DB2CC3EDEB9FB4DC857E11B7F1D6B957850DA5D53D1D4AAC6BA2FDD1"
"D:\Tool Revit\src\net8.0-windows\BIN\Common\Utils\ElementIdHelper.cs","02DBA01CCD142001C0E766789BCEAF3E9D9AE2FD66818F32A9E1EE8DF45C9193"
"D:\Tool Revit\src\net8.0-windows\BIN\Common\Utils\GeometryHelper.cs","D5CBF4870A1EF14168EE6886C5BE014C87B0AA37DD9B645A461509A59D8A528E"
"D:\Tool Revit\src\net8.0-windows\BIN\Common\Utils\MepHelper.cs","48E9C2D7FCA994C2A80D1AD482E15F84A8DBB340CE9AF03EC7D28148EB4F69CF"
"D:\Tool Revit\src\net8.0-windows\BIN\Common\Utils\SimpleLogger.cs","C621DF8402D5A848D86EA835893ECA3F2F891F2FD59FA05FACB597EBD541F512"
"D:\Tool Revit\src\net8.0-windows\BIN\Properties\Resources.cs","7EBE87B4380A3415B6122D4B8025F43E3D68DD72103B2E05643E29F5013460B1"
"D:\Tool Revit\src\net8.0-windows\BIN\SelectByParam\Models\ElementCacheEntry.cs","DBB44F1464706C521AD65C099076451B717CAB637E7B74F1E8A7658D6A2D3877"
"D:\Tool Revit\src\net8.0-windows\BIN\SelectByParam\Models\ParameterItem.cs","75959035D9C9A0376990E216C6D8B00EAD2B5EF07DEB86FFA699B6115F66716E"
"D:\Tool Revit\src\net8.0-windows\BIN\SelectByParam\Models\SBP_CategoryItem.cs","FC9941C145E12321A0F148DBB97B53B5765E976913D5521874F31A71A59C0DBC"
"D:\Tool Revit\src\net8.0-windows\BIN\SelectByParam\ViewModels\ScopeOption.cs","100984D3C5BA3828D31B718534AE8AA6EB968B4FD5608619AF83708DA06DA161"
"D:\Tool Revit\src\net8.0-windows\BIN\SelectByParam\ViewModels\SelectByParameterViewModel.cs","CC349A17936C51B93CCF0467C626B87A07604D7C6D02EE6C6CD70DC23609E184"
"D:\Tool Revit\src\net8.0-windows\BIN\SelectByParam\Views\EnumToBoolConverter.cs","F252A3D3A43094F05E992687DBF2BAF439C8EEA9E9D5C89B7D9A955759E498D7"
"D:\Tool Revit\src\net8.0-windows\BIN\SelectByParam\Views\InverseBoolConverter.cs","8416D192F72651CDE76F6BD2A65B317609DBFB9468C2DE11187363FBF139C1FA"
"D:\Tool Revit\src\net8.0-windows\BIN\SelectByParam\Views\NullToBoolConverter.cs","937096DFC9B3CF0A017CB21DF5279A2629C20FCC90197096EE861D32A3A67070"
"D:\Tool Revit\src\net8.0-windows\BIN\SelectByParam\Views\SelectByParameterView.cs","377F6B1BA2158435A467C025D19FCCC73DF654494073F0C9D3D50422DA32736C"
"D:\Tool Revit\src\net8.0-windows\BIN\Sheet_From_Excel\SheetFromExcelView.cs","3B719081A6E0DCBF6EB7D165E33CC34A7ED59A2BD74E15FAE53419CC35006A1C"
"D:\Tool Revit\src\net8.0-windows\Microsoft\Office\Interop\Excel\AppEvents.cs","1BA2792D0F9F84BA9D1B9AB90D9B6924B72A453AAC13EC06AA0251C5BF34352E"
"D:\Tool Revit\src\net8.0-windows\Microsoft\Office\Interop\Excel\AppEvents_Event.cs","68CF6C0F7B96DD29DCA3099B3B910911C567B98D77DF285086C145DA97D3B053"
"D:\Tool Revit\src\net8.0-windows\Microsoft\Office\Interop\Excel\Application.cs","A2C5666B6D9514BFBF0D58DF6F559A8C36F3D93104FEC536ED5A8D7963F987B6"
"D:\Tool Revit\src\net8.0-windows\Microsoft\Office\Interop\Excel\Workbook.cs","A28ED7DCAA74CE6AEEAF947D22E1D3ACF5BBDE3B60020E6B01D6CB1ECDEC8E5F"
"D:\Tool Revit\src\net8.0-windows\Microsoft\Office\Interop\Excel\WorkbookEvents.cs","3DCCEC74EED67A1B46FEC401D8648B83999AA56973432C244F4F58EA1247194B"
"D:\Tool Revit\src\net8.0-windows\Microsoft\Office\Interop\Excel\WorkbookEvents_Event.cs","77223881E22AF13B06DA0FA539100067BA9A486EA629E59EF39B5119DC984BB6"
"D:\Tool Revit\src\net8.0-windows\Microsoft\Office\Interop\Excel\Workbooks.cs","2CA6978AD0923A3AF29AF67202DD25A02BD70FBCDA9DEF54313570F96286F961"
"D:\Tool Revit\src\net8.0-windows\Microsoft\Office\Interop\Excel\_Application.cs","6CB45FA4061079801ABD18FAD8624596CE3D23DF425B9BDAAE578C32CC684513"
"D:\Tool Revit\src\net8.0-windows\Microsoft\Office\Interop\Excel\_Workbook.cs","1EB0CC2BBAB447F95E3831A95BAB49D128E9994192144827781018651133D63C"
"D:\Tool Revit\src\net8.0-windows\MyAddin\Features\ElementVerifier\Model\VerifiedElementItem.cs","A7D223328551BA3FC4A29C2C2E3C9E2C4CB5BC958B578FAAC1E6985709CFB55C"
"D:\Tool Revit\src\net8.0-windows\obj\Debug\net8.0-windows\.NETCoreApp,Version=v8.0.AssemblyAttributes.cs","F7A5D9789C863625E139FF99E1113A503830F6B85A88F6129916DF83AC76B49E"
"D:\Tool Revit\src\net8.0-windows\obj\Release\net8.0-windows\.NETCoreApp,Version=v8.0.AssemblyAttributes.cs","F7A5D9789C863625E139FF99E1113A503830F6B85A88F6129916DF83AC76B49E"
"D:\Tool Revit\src\net8.0-windows\progressbar\progressbarview.baml","63C1B3901FD6D19B867478C994C83E415393DB43DE77D19B97DCFEBF24C80A6F"
"D:\Tool Revit\src\net8.0-windows\Properties\AssemblyInfo.cs","C282CF7AF7E857658AB24E8B3CADB1BDD456CBFA24EB1C8622577C02B9789AF5"
"D:\Tool Revit\src\net8.0-windows\Resources\Trim3D.png","FA0FCD133F026C341877F112A30D4D8F430495DBFA9E7060804DE434E6179CDD"
"D:\Tool Revit\src\net8.0-windows\Resources\Trim3D_small.png","0DCE6B478F60B593E7B361C1176AD4C573E539A44D99429AB9935EBAB0BB5955"
"D:\Tool Revit\src\net8.0-windows\Resources\Trim3D_tooltip.png","C38123F6D4C85B1CFFDE847188F67D8F1814578F958CC51D599134F14119D88E"
